id,repository,commit,change_kind,source_snapshot,source_snapshot_verified,before,after,transition,source_alignment,before_witness,after_witness,required_tokens,required_satisfied_after,presence_before,presence_after,wildcard_ban_before,wildcard_ban_after,exact_ref_before,exact_ref_after
artur-main-branch,artur-duart/togglemaster-devops-fiap,b09186ba3cbb56337e0b695318754d0d8453421c,security-hardening,evidence/public_changes/artur-main-branch.patch,True,fail,pass,fail->pass,True,sub=repo:artur-duart/togglemaster-devops-fiap:pull_request; aud=sts.amazonaws.com,,0,0,pass,pass,fail,pass,fail,pass
pmcg-master-branch,P-mcg01/muyu-invoice-infrastructure,bb96ae77561bfab07471a0629f165db4a2515535,security-hardening,evidence/public_changes/pmcg-master-branch.patch,True,fail,pass,fail->pass,True,sub=repo:P-mcg01/muyu-invoice-generator:ref:refs/heads/-; aud=sts.amazonaws.com,,0,0,pass,pass,fail,pass,fail,pass
arriagada-main-branch,ArriagadaInc/tpi-backend,8a67b6071b08fb363b664222a28d7250c29ed8cf,security-hardening,evidence/public_changes/arriagada-main-branch.patch,True,fail,pass,fail->pass,True,sub=repo:ArriagadaInc@37077654/tpi-backend@1318709295:ref:refs/heads/feat/h2-5-simple-dev-auth; aud=sts.amazonaws.com,,0,0,pass,pass,pass,pass,pass,pass
shadow-release-branches,shadow-architect-dev/aws-landing-zone,f97fab6ffb0b9558fb7e5df562bb1b12ab1268d1,security-hardening,evidence/public_changes/shadow-release-branches.patch,True,fail,pass,fail->pass,True,sub=repo:shadow-architect-dev/aws-landing-zone:pull_request; aud=sts.amazonaws.com,,0,0,pass,pass,fail,fail,fail,fail
amr-org-scope,amr-elzoghby/Internal-Developer-Platform,d5dd8a140fd8409c79a3dbb70a23d28b16e8aeb5,security-hardening,evidence/public_changes/amr-org-scope.patch,True,fail,pass,fail->pass,True,sub=repo:-/-:pull_request; aud=sts.amazonaws.com,,0,0,pass,pass,fail,fail,fail,fail
manyiu-repository-scope,manyiu/vazue-playlang,8ebbad974724acace02bbb1d7462a7529235aabd,security-hardening,evidence/public_changes/manyiu-repository-scope.patch,True,fail,pass,fail->pass,True,sub=repo:manyiu/%:pull_request; aud=sts.amazonaws.com,,0,0,pass,pass,fail,fail,fail,fail
michele-environment-cut,micheleformenti/aws-two-tier-architecture,5d7339a716eb1e64623a95e756298f6057030285,cross-plane-hardening,evidence/public_changes/michele-environment-cut.patch,True,fail,unknown,fail->unknown,True,sub=repo:micheleformenti/aws-two-tier-architecture:pull_request; aud=-,sub=repo:micheleformenti/aws-two-tier-architecture:environment:dev; governance=micheleformenti/aws-two-tier-architecture:dev,0,0,fail,pass,fail,pass,fail,fail
sports-store-immutable-main,Deploy-On-Friday2-0/sports-store-infrastructure,9eeb7ff43b2a304e170e0d533b9b127b5a80b345,security-hardening,evidence/public_changes/sports-store-immutable-main.patch,True,fail,pass,fail->pass,True,sub=repo:Deploy-On-Friday2-0@308323292/sports-store-auth-service@1310131112:pull_request; aud=sts.amazonaws.com,,0,0,pass,pass,fail,pass,fail,pass
microticket-immutable-compatibility,sdunster/microticket,79abbeceae16b22f22a78770d580e44058c9f559,compatibility-repair,evidence/public_changes/microticket-immutable-compatibility.patch,True,fail,pass,fail->pass,True,sub=repo:sdunster@964295/microticket@1375658353:ref:refs/heads/prod; aud=sts.amazonaws.com,,1,1,pass,pass,pass,pass,pass,pass
