repository,commit,date,context,repair,observation,evidence,public_success_run,source_url
sdunster/microticket,79abbeceae16b22f22a78770d580e44058c9f559,2026-09-18,ref:refs/heads/prod,dual_exact_legacy_and_immutable,CloudTrail recorded immutable owner/repository IDs after the first deploy failed,commit_message;diff;public_actions_success,35338805553,https://github.com/sdunster/microticket/commit/79abbeceae16b22f22a78770d580e44058c9f559
CaringalML/AI-App-Tester,e63627f3991bff260dce5a23b12a4996d4c714a2,2026-09-22,environment:production,wildcard_numeric_ids_exact_names,temporary workflow step decoded a real immutable-ID subject after the plain environment subject failed,commit_message;diff;public_actions_success,35682479269,https://github.com/CaringalML/AI-App-Tester/commit/e63627f3991bff260dce5a23b12a4996d4c714a2
OASI-CL/proyectos-backend,924b99f4925baded2987f1db78bd04f55988ac59,2026-09-22,environment:dev,dual_legacy_and_numeric_id_wildcard,CloudTrail recorded immutable owner/repository IDs after a real deploy failed,commit_message;diff;manual_deployment_stated,,https://github.com/OASI-CL/proyectos-backend/commit/924b99f4925baded2987f1db78bd04f55988ac59
Abdulaziz-algharbi/order-pools-infrastructure,7076165b461538aefcfa69ad0fe6780ecaa8970e,2026-09-22,environment:dev,wildcard_numeric_ids_plus_exact_repository_environment_claims,temporary workflow step decoded a real token; all three roles had rejected STS exchange,commit_message;diff;live_workflow_success_stated,,https://github.com/Abdulaziz-algharbi/order-pools-infrastructure/commit/7076165b461538aefcfa69ad0fe6780ecaa8970e
esscott1/AE-RV-Solutions,d6307f8989ee8ae23fed60d3aa958f90d24ed195,2026-09-22,environment:production,wildcard_numeric_ids,CloudTrail recorded immutable-ID subject on first failed exchange,commit_message;diff;live_role_update_stated,,https://github.com/esscott1/AE-RV-Solutions/commit/d6307f8989ee8ae23fed60d3aa958f90d24ed195
tylerschloesser/dst-server-manager,0c91bfa44ed47c239e26f73baeb6190f58ea96c4,2026-09-21,ref:refs/heads/main,exact_immutable_only,CloudTrail AccessDenied event and repository OIDC setting exposed the exact immutable subject,commit_message;diff;live_role_update_stated,,https://github.com/tylerschloesser/dst-server-manager/commit/0c91bfa44ed47c239e26f73baeb6190f58ea96c4
linyanqing/BroadbandServiceTriageAIAgent,480bd726a8cb4f8c9923ad60e8cb8bc2529e1a73,2026-09-14,ref:refs/heads/main,wildcard_numeric_ids_exact_names,CloudTrail recorded immutable subject on first real deployment attempt,commit_message;diff,,https://github.com/linyanqing/BroadbandServiceTriageAIAgent/commit/480bd726a8cb4f8c9923ad60e8cb8bc2529e1a73
danish09/danishsiddiqui09.co.uk,c0171630a98c61ee66ccadbae9661c3ec15b31e2,2026-09-12,main and environment:aws-diff,exact_immutable_subjects,temporary workflow step decoded a real token after repeated failures,commit_message;diff;live_aws_update_stated,,https://github.com/danish09/danishsiddiqui09.co.uk/commit/c0171630a98c61ee66ccadbae9661c3ec15b31e2
MAmmaadTehseen/jarvis,bf3d27bf7ace32e5356dacb3d8f71e5080a00ab0,2026-09-09,ref:refs/heads/main,dual_exact_legacy_and_immutable,CloudTrail recorded immutable subject after the first deploy failed,commit_message;diff;deploy_green_stated,,https://github.com/MAmmaadTehseen/jarvis/commit/bf3d27bf7ace32e5356dacb3d8f71e5080a00ab0
SasangaME/linkforge,f1830fec29d6372f6850b451da3851324e86227d,2026-08-29,pull_request and ref:refs/heads/main,exact_immutable_only,new repository emitted only immutable subjects and both roles denied the exchange,commit_message;diff;live_role_update_stated,,https://github.com/SasangaME/linkforge/commit/f1830fec29d6372f6850b451da3851324e86227d
victoralcadi/vicdf_webpage,621a42a9c8d34230b5b1bb839398a0918c661a1e,2026-08-28,ref:refs/heads/main,wildcard_numeric_ids_plus_exact_repository_ref_claims,temporary workflow diagnostic decoded the ID-qualified subject after every deploy failed,commit_message;diff,,https://github.com/victoralcadi/vicdf_webpage/commit/621a42a9c8d34230b5b1bb839398a0918c661a1e
Deploy-On-Friday2-0/sports-store-infrastructure,9eeb7ff43b2a304e170e0d533b9b127b5a80b345,2026-08-31,ref:refs/heads/main,exact_immutable_allowlist,hardening commit replaced broad immutable-name wildcards with six exact immutable subjects,commit_message;diff;tests_added,,https://github.com/Deploy-On-Friday2-0/sports-store-infrastructure/commit/9eeb7ff43b2a304e170e0d533b9b127b5a80b345
