repository,path,commit,primary_frontier_class,audience_constraint,features,source_url
ministryofjustice/modernisation-platform-github-oidc-provider,iam.tf,a8cdf0cb5c7f26359248951cb4da7c6187effa7f,requires_instantiation,exact,formatlist;caller_supplied_repository_patterns,https://github.com/ministryofjustice/modernisation-platform-github-oidc-provider/blob/a8cdf0cb5c7f26359248951cb4da7c6187effa7f/iam.tf
ministryofjustice/modernisation-platform-github-oidc-role,main.tf,90fc3ed6de986a590314e8c6a17a4cf9caa0077c,requires_instantiation,exact,formatlist;caller_supplied_subject_claim,https://github.com/ministryofjustice/modernisation-platform-github-oidc-role/blob/90fc3ed6de986a590314e8c6a17a4cf9caa0077c/main.tf
babbel/terraform-aws-iam-role-for-github-repository,main.tf,fb03d12160c20ab256b1ecd43eed10920a5894dc,requires_instantiation,exact,dynamic_contexts;legacy_and_immutable_subjects;nested_for_expressions,https://github.com/babbel/terraform-aws-iam-role-for-github-repository/blob/fb03d12160c20ab256b1ecd43eed10920a5894dc/main.tf
SPHTech-Platform/terraform-aws-lambda-github-actions,github_action.tf,5c5c17fcdcaeddc3421d80d81fc8b7916ca7c6d5,requires_module_evaluation,inherited,terraform_module_call;dynamic_branches;dynamic_tags;environments,https://github.com/SPHTech-Platform/terraform-aws-lambda-github-actions/blob/5c5c17fcdcaeddc3421d80d81fc8b7916ca7c6d5/github_action.tf
terraform-module/terraform-aws-github-oidc-provider,main.tf,6b3ce26d4c6ed5d8a3fe5fe286755eecbdcf6eb0,requires_instantiation,missing,for_expression;implicit_repo_wildcard,https://github.com/terraform-module/terraform-aws-github-oidc-provider/blob/6b3ce26d4c6ed5d8a3fe5fe286755eecbdcf6eb0/main.tf
yardbirdsax/terraform-aws-github-action-federation-role,main.tf,0458dd532ea6d8d5d11fc938f3dcc3a9a78c1199,requires_instantiation,missing,for_expression;dynamic_branch_set,https://github.com/yardbirdsax/terraform-aws-github-action-federation-role/blob/0458dd532ea6d8d5d11fc938f3dcc3a9a78c1199/main.tf
TykTechnologies/tyk-ci,base/github.tf,1f33dd5f7db8acbfd0f570150bd4d6fa710b723e,literal_source_policy,exact,organization_wildcards;direct_literals,https://github.com/TykTechnologies/tyk-ci/blob/1f33dd5f7db8acbfd0f570150bd4d6fa710b723e/base/github.tf
SPHTech-Platform/terraform-github-actions-serverless,main.tf,d0cde0c8537f6be757ab4f121de52d7e14ae4beb,requires_module_evaluation,inherited,terraform_module_call;dynamic_branches;environments,https://github.com/SPHTech-Platform/terraform-github-actions-serverless/blob/d0cde0c8537f6be757ab4f121de52d7e14ae4beb/main.tf
suzuki-shunsuke/terraform-aws-tfaction,locals.tf,cba12e30762f72b4a638f3497645ad5ef18bce48,requires_instantiation,exact,dynamic_repository;dynamic_main_branch;separate_pr_role,https://github.com/suzuki-shunsuke/terraform-aws-tfaction/blob/cba12e30762f72b4a638f3497645ad5ef18bce48/locals.tf
DanteLore/SmolbeanPlanet3D,terraform/main.tf,50987d8a272501fab53168297fa1e5b4f4b498ad,constant_foldable_hcl,exact,literal_defaults;for_expression;branch_and_tag_patterns,https://github.com/DanteLore/SmolbeanPlanet3D/blob/50987d8a272501fab53168297fa1e5b4f4b498ad/terraform/main.tf
3sidedcube/infrastructure,web/main.tf,84a0c4e4bc14dd42dd417ee61792936b06a03e93,requires_instantiation,exact,dynamic_repository;repo_wildcard,https://github.com/3sidedcube/infrastructure/blob/84a0c4e4bc14dd42dd417ee61792936b06a03e93/web/main.tf
mergecrew/mergecrew,infra/aws/oidc.tf,7d1e58f1e513cd47997c44b969fd921aae2ef00d,requires_instantiation,exact,dynamic_repository;repo_wildcard;conditional_resource,https://github.com/mergecrew/mergecrew/blob/7d1e58f1e513cd47997c44b969fd921aae2ef00d/infra/aws/oidc.tf
takanabe/github-actions-oidc-test,main.tf,9558de0eb22634797121f8c3635cc688c7c04081,literal_source_policy,missing,direct_literal;repo_wildcard;custom_provider_audience,https://github.com/takanabe/github-actions-oidc-test/blob/9558de0eb22634797121f8c3635cc688c7c04081/main.tf
nsbno/terraform-aws-github-oidc,main.tf,fc8a39ab4438db1b6bb7407fddc6e65017858196,requires_instantiation,missing,legacy_and_immutable_subjects;dynamic_environment;dynamic_repository_set,https://github.com/nsbno/terraform-aws-github-oidc/blob/fc8a39ab4438db1b6bb7407fddc6e65017858196/main.tf
sc932/scottclarkio,terraform/iam.tf,6399a15542efaafd8617b114da52f9c0a650ba03,requires_instantiation,exact,dynamic_repository;exact_main,https://github.com/sc932/scottclarkio/blob/6399a15542efaafd8617b114da52f9c0a650ba03/terraform/iam.tf
Protect-Democracy/openomb,tofu/iam.tf,cf1146d8f4237ce7b5b1ec60c2ef7b6b44501460,requires_instantiation,missing,dynamic_owner_repo;repo_wildcard;mixed_web_identity_and_service_statements,https://github.com/Protect-Democracy/openomb/blob/cf1146d8f4237ce7b5b1ec60c2ef7b6b44501460/tofu/iam.tf
rackerlabs/oidc-aws-github-module,main.tf,9d390ee1a7e20efd44b83f2bcb0157f834eedc26,requires_instantiation,exact,caller_supplied_subject_patterns,https://github.com/rackerlabs/oidc-aws-github-module/blob/9d390ee1a7e20efd44b83f2bcb0157f834eedc26/main.tf
TechHoldingLLC/terraform-aws-github-oidc,iam.tf,947dccac0faee195be3038782a667b6fb9a8dd90,requires_instantiation,exact,dynamic_blocks;environment_map;branch_map;pull_request_added_with_branch,https://github.com/TechHoldingLLC/terraform-aws-github-oidc/blob/947dccac0faee195be3038782a667b6fb9a8dd90/iam.tf
RoboJackets/business-process-manual-preview-terraform,iam.tf,f92cbf33ccd1258770b8b305d82e622447adee33,literal_source_policy,exact,direct_literal;repo_wildcard,https://github.com/RoboJackets/business-process-manual-preview-terraform/blob/f92cbf33ccd1258770b8b305d82e622447adee33/iam.tf
infoshareacademy/devops-workshop-08.05.24,cicd/main.tf,bc76012c8da6b4e6e9edca8dea003af273745a3b,literal_source_policy,exact,direct_literal;repo_wildcard;administrator_permissions,https://github.com/infoshareacademy/devops-workshop-08.05.24/blob/bc76012c8da6b4e6e9edca8dea003af273745a3b/cicd/main.tf
cloudnativedaysjp/terraform,website/oidc.tf,3c1c5629738498d16f4df5b36e2a7e6f2c061dca,constant_foldable_hcl,missing,literal_locals;for_expression;repo_wildcard,https://github.com/cloudnativedaysjp/terraform/blob/3c1c5629738498d16f4df5b36e2a7e6f2c061dca/website/oidc.tf
rajsandhu/group-2-Backend,role.tf,c5d00c4dd8cabe592415ef8d40745001c969232a,literal_source_policy,exact,direct_literals;five_repositories;unusual_double_suffix_wildcards,https://github.com/rajsandhu/group-2-Backend/blob/c5d00c4dd8cabe592415ef8d40745001c969232a/role.tf
init4tech/signet-infra-components,pkg/aws/iam.go,ed022635f7d5d3a599cb54f9b3b37a1750f45ca1,host_language_generation,exact,pulumi_go;fmt_sprintf;dynamic_owner_repo,https://github.com/init4tech/signet-infra-components/blob/ed022635f7d5d3a599cb54f9b3b37a1750f45ca1/pkg/aws/iam.go
adhocteam/terraform-github-oidc-role,main.tf,4aaa0b8ba70a80ad0823b0f1e897839b8d441e7b,unsupported_operator_or_instantiation,exact,ForAnyValue:StringLike;dynamic_condition;caller_supplied_identifiers;dynamic_branch_serialization,https://github.com/adhocteam/terraform-github-oidc-role/blob/4aaa0b8ba70a80ad0823b0f1e897839b8d441e7b/main.tf
