required_tokens,task,repetition,seconds,expected,verdict
1,review-pass,0,0.10768635200000176,pass,pass
1,review-positive-loss,0,0.10832274099999495,fail,fail
1,receipt-replay,0,0.10675377100000105,pass,pass
1,review-positive-loss,1,0.10470148499999254,fail,fail
1,receipt-replay,1,0.10387244999999723,pass,pass
1,review-pass,1,0.10610996100000136,pass,pass
1,receipt-replay,2,0.10877481800000055,pass,pass
1,review-pass,2,0.10722430800001348,pass,pass
1,review-positive-loss,2,0.10919539200000372,fail,fail
2,review-pass,0,0.11177235499999938,pass,pass
2,review-positive-loss,0,0.11182762800000035,fail,fail
2,receipt-replay,0,0.11381640500000856,pass,pass
2,review-positive-loss,1,0.11385174100000484,fail,fail
2,receipt-replay,1,0.11113348399999268,pass,pass
2,review-pass,1,0.11037671300000795,pass,pass
2,receipt-replay,2,0.1109535790000109,pass,pass
2,review-pass,2,0.11061479800000029,pass,pass
2,review-positive-loss,2,0.11471642200000076,fail,fail
4,review-pass,0,0.11455984100000194,pass,pass
4,review-positive-loss,0,0.11664134999999476,fail,fail
4,receipt-replay,0,0.11713224599999705,pass,pass
4,review-positive-loss,1,0.11702049699999861,fail,fail
4,receipt-replay,1,0.1152616480000006,pass,pass
4,review-pass,1,0.11505096599999831,pass,pass
4,receipt-replay,2,0.11532275199999731,pass,pass
4,review-pass,2,0.11475490400000865,pass,pass
4,review-positive-loss,2,0.11762537499998871,fail,fail
8,review-pass,0,0.13171538800000349,pass,pass
8,review-positive-loss,0,0.13089521799999204,fail,fail
8,receipt-replay,0,0.13154868699999156,pass,pass
8,review-positive-loss,1,0.13416861000000324,fail,fail
8,receipt-replay,1,0.1326333079999955,pass,pass
8,review-pass,1,0.13537980699999252,pass,pass
8,receipt-replay,2,0.13683668299999852,pass,pass
8,review-pass,2,0.1331212479999948,pass,pass
8,review-positive-loss,2,0.13152907999999286,fail,fail
16,review-pass,0,0.15499892600000464,pass,pass
16,review-positive-loss,0,0.1567871489999959,fail,fail
16,receipt-replay,0,0.16416378899999984,pass,pass
16,review-positive-loss,1,0.1691502629999917,fail,fail
16,receipt-replay,1,0.16398645799999656,pass,pass
16,review-pass,1,0.1583848570000015,pass,pass
16,receipt-replay,2,0.16280071900000337,pass,pass
16,review-pass,2,0.15929583500000888,pass,pass
16,review-positive-loss,2,0.15934670999999412,fail,fail
32,review-pass,0,0.20758446100001038,pass,pass
32,review-positive-loss,0,0.2044840069999907,fail,fail
32,receipt-replay,0,0.21483583699999542,pass,pass
32,review-positive-loss,1,0.21199086400000056,fail,fail
32,receipt-replay,1,0.20463919000000885,pass,pass
32,review-pass,1,0.20580852100000868,pass,pass
32,receipt-replay,2,0.20648424000000887,pass,pass
32,review-pass,2,0.2042939170000011,pass,pass
32,review-positive-loss,2,0.2068884929999939,fail,fail
