case,subject_pattern,audience_pattern,deny_mode,extra_release_allow,required_count,expected,verdict,replay_ok,accepted_count,missing_required,overgrant_count,packet_file,packet_sha256
0,*,*,none,False,0,fail,fail,True,6,0,4,bounded_glob_packets/case-000.json,d3b02646c27fb2efae9861b1abc5386afdb792e5883448f9ff9cee5074e18b98
1,*,*,none,False,1,fail,fail,True,6,0,4,bounded_glob_packets/case-001.json,c0a1e4ab7f2f8b82f3a244532bbcb0748be0609d6e8557df6d73c5b7d0cb36c5
2,*,*,main-sts,False,0,fail,fail,True,5,0,4,bounded_glob_packets/case-002.json,28d96103ccaec2a50cfc4aea2e424019730f5dd0b44ab76c5c48a9787e67539b
3,*,*,main-sts,False,1,fail,fail,True,5,1,4,bounded_glob_packets/case-003.json,18c38078838d15398cbf21f496a9e96a2c9b8a3bfab82c211a9e4874c4f5d0c9
4,*,*,dev-any,False,0,fail,fail,True,4,0,2,bounded_glob_packets/case-004.json,1e1df60e45f750d4a14c293644edf44c38b249a72bd6c1afe510debb5b20a769
5,*,*,dev-any,False,1,fail,fail,True,4,0,2,bounded_glob_packets/case-005.json,f3240ab810cf7c7352c6628d45f559b5b5f935715e56b01e192d13bdffe2166f
6,*,sts.amazonaws.com,none,True,0,fail,fail,True,3,0,1,bounded_glob_packets/case-006.json,0155e09257a20839bb05601f91475d0a6227b45f650efe6e32e02973dfd8393d
7,*,sts.amazonaws.com,none,True,1,fail,fail,True,3,0,1,bounded_glob_packets/case-007.json,ebbae84486b272cd445e6c57e67ad47875fc196298eaf1208d27e4453622bb81
8,*,sts.amazonaws.com,main-sts,True,0,fail,fail,True,2,0,1,bounded_glob_packets/case-008.json,e7deaf1ac74048f89ee7d04ec0206792ead5cb8e3ddb14aaaab9bc899e691bd7
9,*,sts.amazonaws.com,main-sts,True,1,fail,fail,True,2,1,1,bounded_glob_packets/case-009.json,954b0eeba1a832a8d55f30f4f2bdfe36787df97fe946e3b795724d9c70d7e719
10,*,sts.amazonaws.com,dev-any,True,0,pass,pass,True,2,0,0,bounded_glob_packets/case-010.json,4facaf35cd56569169d145c9a3cb518dd1584f5ac11d2a9577154ba30d0cc54d
11,*,sts.amazonaws.com,dev-any,True,1,pass,pass,True,2,0,0,bounded_glob_packets/case-011.json,e4f1070f07908eae0d77f76536e955f99a3b5ea652c64e6d652a8e286c2b4941
12,*,?ault,none,False,0,fail,fail,True,3,0,3,bounded_glob_packets/case-012.json,adf7de86646ad055d7b534427a6dbd330d18e26a3e4657aa40abe16c939a0fa9
13,*,?ault,none,False,1,fail,fail,True,3,1,3,bounded_glob_packets/case-013.json,803f9c1e7c12b8d227b5b0470255043f09bd1c39380c392c99be35e527f7f5fd
14,*,?ault,main-sts,False,0,fail,fail,True,3,0,3,bounded_glob_packets/case-014.json,dd1c6c42d5c95e169bc8c70f45215babd6918e3d378df2b705c86588dfcdf9ba
15,*,?ault,main-sts,False,1,fail,fail,True,3,1,3,bounded_glob_packets/case-015.json,4d0391d6f79aa5154d5f595e705b832601b698aae89279130168ae67aa22299f
16,*,?ault,dev-any,False,0,fail,fail,True,2,0,2,bounded_glob_packets/case-016.json,5c3357db3829c354441bd5af63fccad3b1b804baea7496b61e90027c6fdf4024
17,*,?ault,dev-any,False,1,fail,fail,True,2,1,2,bounded_glob_packets/case-017.json,45cce1bd62529741508381d9c2abfc926b619fc5bcf544fb11a16a2de9b48338
18,*,[sv]*,none,True,0,pass,pass,True,1,0,0,bounded_glob_packets/case-018.json,5bf79f51a96bdf9621b2414dac0444c84980a0ab82323236fa888993a0f2e4ec
19,*,[sv]*,none,True,1,fail,fail,True,1,1,0,bounded_glob_packets/case-019.json,085a1461ca505e9ffa986a72689f94745bd477a19a782dbe66880da64b137062
20,*,[sv]*,main-sts,True,0,pass,pass,True,1,0,0,bounded_glob_packets/case-020.json,3d7ba4878ef3db660b06a2df6eb7f9585f02f4235ae9266306025734b7ef98df
21,*,[sv]*,main-sts,True,1,fail,fail,True,1,1,0,bounded_glob_packets/case-021.json,38f471109ebb5a125da127060ca57f37972e6cfc7bf481d0598ddd4da27623ff
22,*,[sv]*,dev-any,True,0,pass,pass,True,1,0,0,bounded_glob_packets/case-022.json,bff63ff52c65087d100a00c9539eb13cd881946680ea72c65b4d9ef3cb5f82c9
23,*,[sv]*,dev-any,True,1,fail,fail,True,1,1,0,bounded_glob_packets/case-023.json,8436113919da2dd4680be6eed73e14330af749fb0caefe0bf2e0ff36d5f2e017
24,repo:acme/api:ref:refs/heads/main,*,none,True,0,fail,fail,True,3,0,1,bounded_glob_packets/case-024.json,5e33263c8f25291cf7a4c7c92f720b1eaa5c2c50b23782b2a4b276572beb7109
25,repo:acme/api:ref:refs/heads/main,*,none,True,1,fail,fail,True,3,0,1,bounded_glob_packets/case-025.json,25fd3bcc5852209db9fd5ceaef99ed132ee0c997fde01d0820ad32ec53f56b76
26,repo:acme/api:ref:refs/heads/main,*,main-sts,True,0,fail,fail,True,2,0,1,bounded_glob_packets/case-026.json,56f47ee0af03816ce7ff3b69f5423f09c336dabb08ac60912dfcf1b8f32d6d4a
27,repo:acme/api:ref:refs/heads/main,*,main-sts,True,1,fail,fail,True,2,1,1,bounded_glob_packets/case-027.json,af50e1372e55a41615770e6f2dcba875013cc6b61aeb687d032b2e61cbb4765d
28,repo:acme/api:ref:refs/heads/main,*,dev-any,True,0,fail,fail,True,3,0,1,bounded_glob_packets/case-028.json,eab1c9cefc7b5eb82e3abe2f189ee27be0efb6c2577474b36f3d892ad4831436
29,repo:acme/api:ref:refs/heads/main,*,dev-any,True,1,fail,fail,True,3,0,1,bounded_glob_packets/case-029.json,fcae3957e7189f060546d66ce4d3dd1e8f0a14575727f30c9172f238aefc7e4f
30,repo:acme/api:ref:refs/heads/main,sts.amazonaws.com,none,False,0,pass,pass,True,1,0,0,bounded_glob_packets/case-030.json,82c5f72ccdfcecf020da8a3b6aab2871c76e8083beb9a27dc329bdd5d7bff52c
31,repo:acme/api:ref:refs/heads/main,sts.amazonaws.com,none,False,1,pass,pass,True,1,0,0,bounded_glob_packets/case-031.json,4a5eb02a8a14f9433db2148af359569e5e1a35947f57567992346172517f7ff8
32,repo:acme/api:ref:refs/heads/main,sts.amazonaws.com,main-sts,False,0,pass,pass,True,0,0,0,bounded_glob_packets/case-032.json,032b95913145bb83072cab4eb3d92b7f79b20d3d2fa79fb57701cf2a56bc0ba8
33,repo:acme/api:ref:refs/heads/main,sts.amazonaws.com,main-sts,False,1,fail,fail,True,0,1,0,bounded_glob_packets/case-033.json,9be131fa39532b0fb3e22c75d3276d681e744f531593c65b1679724bfeb7711b
34,repo:acme/api:ref:refs/heads/main,sts.amazonaws.com,dev-any,False,0,pass,pass,True,1,0,0,bounded_glob_packets/case-034.json,07f1a2bd990624e677aed1e3289ada5a8bab6e734d0cbf52dcfe20d4d40af4f2
35,repo:acme/api:ref:refs/heads/main,sts.amazonaws.com,dev-any,False,1,pass,pass,True,1,0,0,bounded_glob_packets/case-035.json,82d059fddbe8ae7def03322e48537d387bd5cf0165e662a2c4822ced413baf20
36,repo:acme/api:ref:refs/heads/main,?ault,none,True,0,fail,fail,True,2,0,1,bounded_glob_packets/case-036.json,c091b960f4214119a02f87b76b2e5334cd8463a76f76c1b48fc515eb80e4522f
37,repo:acme/api:ref:refs/heads/main,?ault,none,True,1,fail,fail,True,2,1,1,bounded_glob_packets/case-037.json,fa8a761b9ec6727d48dd9600237d587f686c5834d427e5dd9f2b77f0bb83d464
38,repo:acme/api:ref:refs/heads/main,?ault,main-sts,True,0,fail,fail,True,2,0,1,bounded_glob_packets/case-038.json,7cb13d5cc2a1f18fedd1c436125d36adac3e320abf23dc99a1865cae7ba6d8cd
39,repo:acme/api:ref:refs/heads/main,?ault,main-sts,True,1,fail,fail,True,2,1,1,bounded_glob_packets/case-039.json,15ea03001610360d74074416a8dd1f524b4da27b4a5b6d6de0adaf8c11126055
40,repo:acme/api:ref:refs/heads/main,?ault,dev-any,True,0,fail,fail,True,2,0,1,bounded_glob_packets/case-040.json,b5eb35a4716fdfd153e8dc0e350080983c316899108678cd421482da27c086c6
41,repo:acme/api:ref:refs/heads/main,?ault,dev-any,True,1,fail,fail,True,2,1,1,bounded_glob_packets/case-041.json,023d774a08fa000db79a15361d40ec4aecec20addb413a6d605a0a6ffbfd073d
42,repo:acme/api:ref:refs/heads/main,[sv]*,none,False,0,pass,pass,True,0,0,0,bounded_glob_packets/case-042.json,7a3127d482d7c87d7c81fa17fcf39bd808ee555c3981c9844ebadcbd9e28c4bb
43,repo:acme/api:ref:refs/heads/main,[sv]*,none,False,1,fail,fail,True,0,1,0,bounded_glob_packets/case-043.json,8780c9d648be99e29c5bc00c17b07c3e6272c2f089ad77b923efc27b7d714a56
44,repo:acme/api:ref:refs/heads/main,[sv]*,main-sts,False,0,pass,pass,True,0,0,0,bounded_glob_packets/case-044.json,722e610ec7eaa33e6205511a185cc5b4ffe5b83535e6df5663bb8820f6b43f99
45,repo:acme/api:ref:refs/heads/main,[sv]*,main-sts,False,1,fail,fail,True,0,1,0,bounded_glob_packets/case-045.json,e95253057bd39dca3c801e2d652f6040fc2f71ccdad51b7e514a5584ac04ac23
46,repo:acme/api:ref:refs/heads/main,[sv]*,dev-any,False,0,pass,pass,True,0,0,0,bounded_glob_packets/case-046.json,4a108fafd5334bd556500f3e57eeefa442ab6d2b4243bb8830dcdd8b36c4e39f
47,repo:acme/api:ref:refs/heads/main,[sv]*,dev-any,False,1,fail,fail,True,0,1,0,bounded_glob_packets/case-047.json,51ca291d9786370620c80807687c52f9bf089109029e5fd3447d8d9d5c639f98
48,repo:acme/api:ref:refs/heads/m*,*,none,False,0,fail,fail,True,2,0,1,bounded_glob_packets/case-048.json,ab239f5457a9705fa310bfb570a6bd428bf2c85ee669532ca938b84ef537779e
49,repo:acme/api:ref:refs/heads/m*,*,none,False,1,fail,fail,True,2,0,1,bounded_glob_packets/case-049.json,4e620b60c48a989efecdad601305f14e39149ec386757d4080262ffa04bd0f07
50,repo:acme/api:ref:refs/heads/m*,*,main-sts,False,0,fail,fail,True,1,0,1,bounded_glob_packets/case-050.json,0e4f7f1d32eab2c1bb017872094c0f0a04ef37631cf8540214706c5051648564
51,repo:acme/api:ref:refs/heads/m*,*,main-sts,False,1,fail,fail,True,1,1,1,bounded_glob_packets/case-051.json,95e6760cefba4f8564a13da55656f0c74e9871e5760440a51fa15abc1f53c2a6
52,repo:acme/api:ref:refs/heads/m*,*,dev-any,False,0,fail,fail,True,2,0,1,bounded_glob_packets/case-052.json,cfbe532fc8d7f457f518bbf2360444e5e6be24a9401451cb17041dc90b35553c
53,repo:acme/api:ref:refs/heads/m*,*,dev-any,False,1,fail,fail,True,2,0,1,bounded_glob_packets/case-053.json,4752ca651ec9ad61c91f739eb2cbbac8e33b7162e8196f9146741c1f6c25e98e
54,repo:acme/api:ref:refs/heads/m*,sts.amazonaws.com,none,True,0,pass,pass,True,2,0,0,bounded_glob_packets/case-054.json,a83896e9d46eaa843672ac163d8845bead924ccc53459908693808613f60cb32
55,repo:acme/api:ref:refs/heads/m*,sts.amazonaws.com,none,True,1,pass,pass,True,2,0,0,bounded_glob_packets/case-055.json,9265d29da7fb262d7aec19a39455c0364bf168f883fc9bd1f1ce01c9b8b0f993
56,repo:acme/api:ref:refs/heads/m*,sts.amazonaws.com,main-sts,True,0,pass,pass,True,1,0,0,bounded_glob_packets/case-056.json,55d86715ea58e2efab8a8ba28e0d5d896b928e20bed43ca5b28f7346eb68cc6f
57,repo:acme/api:ref:refs/heads/m*,sts.amazonaws.com,main-sts,True,1,fail,fail,True,1,1,0,bounded_glob_packets/case-057.json,1a201e46f1c2489ab4659d9066fd7d7a513c9880afb8949c1a6f3486df952edc
58,repo:acme/api:ref:refs/heads/m*,sts.amazonaws.com,dev-any,True,0,pass,pass,True,2,0,0,bounded_glob_packets/case-058.json,c4dc07d8efd21246c074c18113d8d93cfe238a82686d916da8536b5af850f0c7
59,repo:acme/api:ref:refs/heads/m*,sts.amazonaws.com,dev-any,True,1,pass,pass,True,2,0,0,bounded_glob_packets/case-059.json,9ee4d1154f29df45ea45dee68a87387a24b3e49d6826125d205e82f25988ddd9
60,repo:acme/api:ref:refs/heads/m*,?ault,none,False,0,fail,fail,True,1,0,1,bounded_glob_packets/case-060.json,146f48ecb8fc241beb732fd086fae9b532d3445935014ba3dca327328e700545
61,repo:acme/api:ref:refs/heads/m*,?ault,none,False,1,fail,fail,True,1,1,1,bounded_glob_packets/case-061.json,24bb83a395ac8bba9c9dd3ec075e495b10d229d01c760d78e03e94a7b364fa44
62,repo:acme/api:ref:refs/heads/m*,?ault,main-sts,False,0,fail,fail,True,1,0,1,bounded_glob_packets/case-062.json,ffe1e45bc4b6228563bc131c760f358134b52d2fcc35f746dba5a1f4676397ea
63,repo:acme/api:ref:refs/heads/m*,?ault,main-sts,False,1,fail,fail,True,1,1,1,bounded_glob_packets/case-063.json,232e6b466b07c6840c8500aab8e74452433cad61aba7f689d067d342721fa563
64,repo:acme/api:ref:refs/heads/m*,?ault,dev-any,False,0,fail,fail,True,1,0,1,bounded_glob_packets/case-064.json,374d2e80e9bb95cad4e703db4523b5a0cb474f9c295b3bba2fc26ba990f39de6
65,repo:acme/api:ref:refs/heads/m*,?ault,dev-any,False,1,fail,fail,True,1,1,1,bounded_glob_packets/case-065.json,0d3a59b34f7eea32a966df008b16b042101727742f0073d0fca4cb58325ce6ec
66,repo:acme/api:ref:refs/heads/m*,[sv]*,none,True,0,pass,pass,True,1,0,0,bounded_glob_packets/case-066.json,918eced1bb528aeb8278dffc0e7fbfb4f9b5f41f958993cdd486b80be9581f28
67,repo:acme/api:ref:refs/heads/m*,[sv]*,none,True,1,fail,fail,True,1,1,0,bounded_glob_packets/case-067.json,07bcbfb882c18ae48da0e21e53a495d5fb7b08b902269d198a3d811ad58ed662
68,repo:acme/api:ref:refs/heads/m*,[sv]*,main-sts,True,0,pass,pass,True,1,0,0,bounded_glob_packets/case-068.json,dda8eb5b4a86a927ec69582190fba533a8ba67a549bc7dd7899bef9ac7d6b33f
69,repo:acme/api:ref:refs/heads/m*,[sv]*,main-sts,True,1,fail,fail,True,1,1,0,bounded_glob_packets/case-069.json,cbd64a720e792da9bc59dfeffd2f6607a46bd5163290358df7bf51877e32561b
70,repo:acme/api:ref:refs/heads/m*,[sv]*,dev-any,True,0,pass,pass,True,1,0,0,bounded_glob_packets/case-070.json,60422d2555915bf3deab738122a7a6c96886facfced31bc5caf3fece90b32740
71,repo:acme/api:ref:refs/heads/m*,[sv]*,dev-any,True,1,fail,fail,True,1,1,0,bounded_glob_packets/case-071.json,b7a11a60bf4cc1183db8889e648f221047669d0cd5ceb468ba4f02264f0ffb21
72,repo:acme/api:ref:refs/heads/?ain,*,none,True,0,fail,fail,True,3,0,1,bounded_glob_packets/case-072.json,833f1c2f83057e0697200d42c58d721d36997e6ab113afdee2b99fa8626e6e2f
73,repo:acme/api:ref:refs/heads/?ain,*,none,True,1,fail,fail,True,3,0,1,bounded_glob_packets/case-073.json,d1e56adb39fbe673f91c590d625d9d135a497b9994809ddfc4cf5272c50712a2
74,repo:acme/api:ref:refs/heads/?ain,*,main-sts,True,0,fail,fail,True,2,0,1,bounded_glob_packets/case-074.json,7901e6e13607a3d4c52d1a996f97fb394775613e7b1013d4ffc1f436910c5870
75,repo:acme/api:ref:refs/heads/?ain,*,main-sts,True,1,fail,fail,True,2,1,1,bounded_glob_packets/case-075.json,7d7e00c38f5c58d1e3096f79c6d934d3ef18beac8f7cee43b1785e26e27c208f
76,repo:acme/api:ref:refs/heads/?ain,*,dev-any,True,0,fail,fail,True,3,0,1,bounded_glob_packets/case-076.json,a96d09c43c4842074309e921e855bd4f711284aefd5e98d66a861bb0ccd12e33
77,repo:acme/api:ref:refs/heads/?ain,*,dev-any,True,1,fail,fail,True,3,0,1,bounded_glob_packets/case-077.json,8801c5706f7a6ccafefb2f68b7d007b58d9ab8eb4e66f820b31bd7bed1a44d11
78,repo:acme/api:ref:refs/heads/?ain,sts.amazonaws.com,none,False,0,pass,pass,True,1,0,0,bounded_glob_packets/case-078.json,76f9f4e85b35cdc08c19c547114813954fe47293341e39c937e74cba002f1a2d
79,repo:acme/api:ref:refs/heads/?ain,sts.amazonaws.com,none,False,1,pass,pass,True,1,0,0,bounded_glob_packets/case-079.json,2d883e524e9cd582e70b658c183fbcc7cf651a460a93864dbe2917889f4bc531
80,repo:acme/api:ref:refs/heads/?ain,sts.amazonaws.com,main-sts,False,0,pass,pass,True,0,0,0,bounded_glob_packets/case-080.json,2e3ce2a13c006590ff7d8ed348f399bcc73b45d982dc0c160737f28743ce0326
81,repo:acme/api:ref:refs/heads/?ain,sts.amazonaws.com,main-sts,False,1,fail,fail,True,0,1,0,bounded_glob_packets/case-081.json,c34e5ab2dd1b0e7049f0b5f21c269a67b1bc6a68e1ef5e184826bb02a17b2be8
82,repo:acme/api:ref:refs/heads/?ain,sts.amazonaws.com,dev-any,False,0,pass,pass,True,1,0,0,bounded_glob_packets/case-082.json,c06f322ee1417539736725c6adcbc1eeee328528659ac8b3bb69690d4309d6ae
83,repo:acme/api:ref:refs/heads/?ain,sts.amazonaws.com,dev-any,False,1,pass,pass,True,1,0,0,bounded_glob_packets/case-083.json,288263b7c86503fd5d3662a7d7798f1140d8fbea35cafc6b82cbccbf0c47d69a
84,repo:acme/api:ref:refs/heads/?ain,?ault,none,True,0,fail,fail,True,2,0,1,bounded_glob_packets/case-084.json,2e01ef51a54413294a4790e7d23d3f420f5daf325759448a88625ca0344b3d6d
85,repo:acme/api:ref:refs/heads/?ain,?ault,none,True,1,fail,fail,True,2,1,1,bounded_glob_packets/case-085.json,a984d78d747a9c8b03927a96410abcc5ce78e757a1ea6331af1a87f7bf230c45
86,repo:acme/api:ref:refs/heads/?ain,?ault,main-sts,True,0,fail,fail,True,2,0,1,bounded_glob_packets/case-086.json,fa15097398601a7b84ded2bf57caa67234e60b6c7fb98b50cd87145f290fcb28
87,repo:acme/api:ref:refs/heads/?ain,?ault,main-sts,True,1,fail,fail,True,2,1,1,bounded_glob_packets/case-087.json,6a650e6f8a41ee3c043b795b4ba1fe7ed63d1bd1cc0822f06fcfb6adb6484aa7
88,repo:acme/api:ref:refs/heads/?ain,?ault,dev-any,True,0,fail,fail,True,2,0,1,bounded_glob_packets/case-088.json,65967a1a28f930f022476a6853745a6f723db4bfa7bb8ac40d7d842dc6070516
89,repo:acme/api:ref:refs/heads/?ain,?ault,dev-any,True,1,fail,fail,True,2,1,1,bounded_glob_packets/case-089.json,5ddcad3fc85ac942b3ee59d993d360406f0a27f8a54cd86c56ae2704317c8761
90,repo:acme/api:ref:refs/heads/?ain,[sv]*,none,False,0,pass,pass,True,0,0,0,bounded_glob_packets/case-090.json,507d2d31e0d41ab9c9579263ac45eb9bdfa85fd4c3e0c758f8423e1348478615
91,repo:acme/api:ref:refs/heads/?ain,[sv]*,none,False,1,fail,fail,True,0,1,0,bounded_glob_packets/case-091.json,235f0961c59e51ac15b089d33452686832128d48a70dadce3bb69cd8287d4fea
92,repo:acme/api:ref:refs/heads/?ain,[sv]*,main-sts,False,0,pass,pass,True,0,0,0,bounded_glob_packets/case-092.json,9518f00de3aef4b968e5b1107d1d5dd06e1ec25dd842b82cc780c9700d48cfcb
93,repo:acme/api:ref:refs/heads/?ain,[sv]*,main-sts,False,1,fail,fail,True,0,1,0,bounded_glob_packets/case-093.json,ddc7100178c3e014b5382a75d1b44f7ca44fac250b7e2aae13eec8016219bc0e
94,repo:acme/api:ref:refs/heads/?ain,[sv]*,dev-any,False,0,pass,pass,True,0,0,0,bounded_glob_packets/case-094.json,b6e7f8447cb3b0c99aa3d59a45ce9939f235304eb66ecbf6389cd8eba7099eba
95,repo:acme/api:ref:refs/heads/?ain,[sv]*,dev-any,False,1,fail,fail,True,0,1,0,bounded_glob_packets/case-095.json,8fb78aa3cbf6009da88ccba6961537e1eea6a9edf76da896aa42b8700ef3c7e6
96,repo:acme/api:ref:refs/heads/[md]ain,*,none,False,0,pass,pass,True,0,0,0,bounded_glob_packets/case-096.json,3ca45cb788f895002962cfdd4f40c0a99d42997f2e287857ad7e265e7c3b5230
97,repo:acme/api:ref:refs/heads/[md]ain,*,none,False,1,fail,fail,True,0,1,0,bounded_glob_packets/case-097.json,de91336fa7a488ddca71f12e6f3e168b91cc5b223ffcd69fc08d719cf730736e
98,repo:acme/api:ref:refs/heads/[md]ain,*,main-sts,False,0,pass,pass,True,0,0,0,bounded_glob_packets/case-098.json,747dbfb14ed7ac65163b0887acacc031a0d987522064123c36e5574ae3d67e11
99,repo:acme/api:ref:refs/heads/[md]ain,*,main-sts,False,1,fail,fail,True,0,1,0,bounded_glob_packets/case-099.json,12f84bf7841e4db48ecf035599493ed3e7ce7bbf3a815d5135a08032287abf9b
100,repo:acme/api:ref:refs/heads/[md]ain,*,dev-any,False,0,pass,pass,True,0,0,0,bounded_glob_packets/case-100.json,a171062e00fc02548e902c2dd216237b9944a9c356106ad27d068c8b4c69f591
101,repo:acme/api:ref:refs/heads/[md]ain,*,dev-any,False,1,fail,fail,True,0,1,0,bounded_glob_packets/case-101.json,4033ceb38a07c351f0bca402943ae4e07062fdbc1e841968cd672ec7ffb0483b
102,repo:acme/api:ref:refs/heads/[md]ain,sts.amazonaws.com,none,True,0,pass,pass,True,1,0,0,bounded_glob_packets/case-102.json,7ec95d3cd312a4dd7630f76b428a9c9f4cae795d41d9f43d5f979eb7b24f5382
103,repo:acme/api:ref:refs/heads/[md]ain,sts.amazonaws.com,none,True,1,fail,fail,True,1,1,0,bounded_glob_packets/case-103.json,bc4ef152254f34b508efde40c7fa1ef4bb2fd5d9095bcc961b40278469c5c437
104,repo:acme/api:ref:refs/heads/[md]ain,sts.amazonaws.com,main-sts,True,0,pass,pass,True,1,0,0,bounded_glob_packets/case-104.json,a3769a90efc838aed7e7ae6877adaa2f4718979a2c2203a789cf986bfc20fb2c
105,repo:acme/api:ref:refs/heads/[md]ain,sts.amazonaws.com,main-sts,True,1,fail,fail,True,1,1,0,bounded_glob_packets/case-105.json,374433a9647d4804d437d4aa47a2a0b81feb3f14955dc234885548782e235f9d
106,repo:acme/api:ref:refs/heads/[md]ain,sts.amazonaws.com,dev-any,True,0,pass,pass,True,1,0,0,bounded_glob_packets/case-106.json,ae07eb2b5514a153f30e30dbbabb91af10cd305b69ac6157ae17bd8afb770cf6
107,repo:acme/api:ref:refs/heads/[md]ain,sts.amazonaws.com,dev-any,True,1,fail,fail,True,1,1,0,bounded_glob_packets/case-107.json,73c86e0ce3b41f6fe948411639c0c1729bd5c458e078af95982b4355c732fcd4
108,repo:acme/api:ref:refs/heads/[md]ain,?ault,none,False,0,pass,pass,True,0,0,0,bounded_glob_packets/case-108.json,fb86848c89288b95f07ccf0eac36da2787f4083e49870676d2ed6c03a18e4766
109,repo:acme/api:ref:refs/heads/[md]ain,?ault,none,False,1,fail,fail,True,0,1,0,bounded_glob_packets/case-109.json,b7e1a1be5e8e171a33a1c5e8fad5ee3d679bb04a320cf19329e014b453c9668d
110,repo:acme/api:ref:refs/heads/[md]ain,?ault,main-sts,False,0,pass,pass,True,0,0,0,bounded_glob_packets/case-110.json,fc96780ab142308d2ada74f76e332efb6acfd56c81f862a87b5170ada1eed8d5
111,repo:acme/api:ref:refs/heads/[md]ain,?ault,main-sts,False,1,fail,fail,True,0,1,0,bounded_glob_packets/case-111.json,bfbf71936d9a3773ca5e28035618c2edbb564175461d2f9c4c0d9c6139fbb7a7
112,repo:acme/api:ref:refs/heads/[md]ain,?ault,dev-any,False,0,pass,pass,True,0,0,0,bounded_glob_packets/case-112.json,c504136d0e9ea81d10358f9b9e81e66d83fb8ac1de1c38954870438f5a4b8fa0
113,repo:acme/api:ref:refs/heads/[md]ain,?ault,dev-any,False,1,fail,fail,True,0,1,0,bounded_glob_packets/case-113.json,80afeff30c9085b013b601701af37c99983bc917c45db9236bc0e693afc1479b
114,repo:acme/api:ref:refs/heads/[md]ain,[sv]*,none,True,0,pass,pass,True,1,0,0,bounded_glob_packets/case-114.json,eaf052b7533a50d3f84ac7670aa6b1bd5a31d22fe1c4e25182625bf5176f16dd
115,repo:acme/api:ref:refs/heads/[md]ain,[sv]*,none,True,1,fail,fail,True,1,1,0,bounded_glob_packets/case-115.json,a1804e5b5323405190eb1600bcc471cc6493341107eaa0be220aa02e2b846c16
116,repo:acme/api:ref:refs/heads/[md]ain,[sv]*,main-sts,True,0,pass,pass,True,1,0,0,bounded_glob_packets/case-116.json,0a20196d1dd057ebd2c553126e2f47cbd32881cf73ae0474c07146c0dae8c04a
117,repo:acme/api:ref:refs/heads/[md]ain,[sv]*,main-sts,True,1,fail,fail,True,1,1,0,bounded_glob_packets/case-117.json,228de6ae724ddb138c48d257a7cc32780310a3fb73f3452321049a59fa08a812
118,repo:acme/api:ref:refs/heads/[md]ain,[sv]*,dev-any,True,0,pass,pass,True,1,0,0,bounded_glob_packets/case-118.json,e112d378eafebcea2425a7c7f9535de793d1e9c542cee26c7d3e03c83b5af352
119,repo:acme/api:ref:refs/heads/[md]ain,[sv]*,dev-any,True,1,fail,fail,True,1,1,0,bounded_glob_packets/case-119.json,7f2e1737004ca34a1713ac935159c58248291086a2135de88e7f5f0e795d2bb5
120,,*,none,True,0,pass,pass,True,1,0,0,bounded_glob_packets/case-120.json,d36efb21def140777ae1c457a6b279952e6d3d89db82fc3f332f51693fb7652b
121,,*,none,True,1,fail,fail,True,1,1,0,bounded_glob_packets/case-121.json,f1378fe4fddcda30d95b54d23ede283e2537fda146289695be20773c4b6f06c8
122,,*,main-sts,True,0,pass,pass,True,1,0,0,bounded_glob_packets/case-122.json,5a4d9c5084488a1edd21e15c065d9926c6f913f400f8599993a35a8c566c40b1
123,,*,main-sts,True,1,fail,fail,True,1,1,0,bounded_glob_packets/case-123.json,bfd723c647c10794eb732950bb8581d9e3e2434887ce0543444841e9450f81b8
124,,*,dev-any,True,0,pass,pass,True,1,0,0,bounded_glob_packets/case-124.json,0e57c6ef86ec78523cdc54a14d6361a4d03bccb29f37785f8ef31d3e7d9de77b
125,,*,dev-any,True,1,fail,fail,True,1,1,0,bounded_glob_packets/case-125.json,33cc9fb3ea98ebffe235b45183e71ddde66a98b436548dd7407585bf06580e4c
126,,sts.amazonaws.com,none,False,0,pass,pass,True,0,0,0,bounded_glob_packets/case-126.json,ab55c01a28d12f4900575f01a36ab7f5d3ab85a4c113f9053d4e0e0592ee6c34
127,,sts.amazonaws.com,none,False,1,fail,fail,True,0,1,0,bounded_glob_packets/case-127.json,fe321a2d4b6b7e86b04dca32275677e44a934aab46b9f45b17c04776e2f507cb
128,,sts.amazonaws.com,main-sts,False,0,pass,pass,True,0,0,0,bounded_glob_packets/case-128.json,798be54b69b8e17b5e410dcccd726a1b6aef8102f24398d549a45ffb53ca95ab
129,,sts.amazonaws.com,main-sts,False,1,fail,fail,True,0,1,0,bounded_glob_packets/case-129.json,5270a6d7099992e9b22e3c346b3b2ddaa46971e371e24f84d2b3383dfcd353dc
130,,sts.amazonaws.com,dev-any,False,0,pass,pass,True,0,0,0,bounded_glob_packets/case-130.json,6c0512c3f28bc8534489c6227d1a2547ef14f7f5795c665eb48039739d9d0b62
131,,sts.amazonaws.com,dev-any,False,1,fail,fail,True,0,1,0,bounded_glob_packets/case-131.json,99d7811981cc11882c74ba462f168f64a6cb3583e91fd90baecc9f42a5305f3e
132,,?ault,none,True,0,pass,pass,True,1,0,0,bounded_glob_packets/case-132.json,8879b0b8d18f6f46ce5ea5f15de6b2534aa17bc41f6cafb5de135c73f11ab9bd
133,,?ault,none,True,1,fail,fail,True,1,1,0,bounded_glob_packets/case-133.json,e4748015af94a76664c2e39b15102c500b7c44bef2c77f868582cd25d8afd6f9
134,,?ault,main-sts,True,0,pass,pass,True,1,0,0,bounded_glob_packets/case-134.json,b76708bbd172bfbb9840c327595d11ac56beed737a65deacf7b8f772da6b07af
135,,?ault,main-sts,True,1,fail,fail,True,1,1,0,bounded_glob_packets/case-135.json,04bfec852fa4073ddaca05e1436979c94765e66e909129a3479631315e2aa543
136,,?ault,dev-any,True,0,pass,pass,True,1,0,0,bounded_glob_packets/case-136.json,63065dca2136527cf7f6f9486184fb0d12bdd8e43f8d774c0531b41565c6835d
137,,?ault,dev-any,True,1,fail,fail,True,1,1,0,bounded_glob_packets/case-137.json,7b6783b2779ab23c070eb671cb65cf8073a09872054e917aa61b150f096d7192
138,,[sv]*,none,False,0,pass,pass,True,0,0,0,bounded_glob_packets/case-138.json,9e61ac1f5367092dbf5414f686ab7d19eb30eb7e72998ee579fa63534e815855
139,,[sv]*,none,False,1,fail,fail,True,0,1,0,bounded_glob_packets/case-139.json,be5aed2d504a3865c86b4656ee5fafffb87611eaf0e4252cb6d511d5e770797a
140,,[sv]*,main-sts,False,0,pass,pass,True,0,0,0,bounded_glob_packets/case-140.json,841a8fc9e72ac6b5e8035a296b7cb0f8b567d4e56039cf37bd3bff701cea39f1
141,,[sv]*,main-sts,False,1,fail,fail,True,0,1,0,bounded_glob_packets/case-141.json,2dc5e645dd7d1adfbfbaba09577e50964f3572acdbf104ac598005d9922cfea2
142,,[sv]*,dev-any,False,0,pass,pass,True,0,0,0,bounded_glob_packets/case-142.json,8bb636c81d61f64d53d7e67df577e2d4f61723a9ba6386cc00a6bb028bcdde23
143,,[sv]*,dev-any,False,1,fail,fail,True,0,1,0,bounded_glob_packets/case-143.json,633f1ee3c528e32438d4d873983c8135773cad19690c425d47c5a2a32b5cda4e
144,repo:acme/api:ref:refs/heads/**,*,none,False,0,fail,fail,True,6,0,4,bounded_glob_packets/case-144.json,657b726daac168e2e84a9a9f3bd2c1ad1cadf22051232782cd56442d547bc029
145,repo:acme/api:ref:refs/heads/**,*,none,False,1,fail,fail,True,6,0,4,bounded_glob_packets/case-145.json,34c5c17c27368881e058072e4d021118795ebd795536f50aeac2402ca7de0ac7
146,repo:acme/api:ref:refs/heads/**,*,main-sts,False,0,fail,fail,True,5,0,4,bounded_glob_packets/case-146.json,86f0e36bdefde5171a91a889a941a5a33ef44d0c887b62bc0fe46904d942f0dd
147,repo:acme/api:ref:refs/heads/**,*,main-sts,False,1,fail,fail,True,5,1,4,bounded_glob_packets/case-147.json,76c9716b1d08d96db017835d92660c6c540e7855b81c45597c222d85fe38ae6a
148,repo:acme/api:ref:refs/heads/**,*,dev-any,False,0,fail,fail,True,4,0,2,bounded_glob_packets/case-148.json,25b0044281878e5572ac8dbe2427537d49ebf7f0952973a0d0ca23dac365cdb2
149,repo:acme/api:ref:refs/heads/**,*,dev-any,False,1,fail,fail,True,4,0,2,bounded_glob_packets/case-149.json,d2b977299e2e5d1cb542102641326eb136cf117ef098ac7a9bc0a8a06d693ec1
150,repo:acme/api:ref:refs/heads/**,sts.amazonaws.com,none,True,0,fail,fail,True,3,0,1,bounded_glob_packets/case-150.json,64aa6681486ffddcf6277c83c8eded08bf35e46404611ae25e40ec96db07aff0
151,repo:acme/api:ref:refs/heads/**,sts.amazonaws.com,none,True,1,fail,fail,True,3,0,1,bounded_glob_packets/case-151.json,b028864b101b08867cb4867afe461d45dfa6ab9f246bc8a4a57e5cbdd5c87687
152,repo:acme/api:ref:refs/heads/**,sts.amazonaws.com,main-sts,True,0,fail,fail,True,2,0,1,bounded_glob_packets/case-152.json,5a76c7c1e489e91eeff5ddf118778233aa9f12d441866d62b6c4c7bb24bc6a9c
153,repo:acme/api:ref:refs/heads/**,sts.amazonaws.com,main-sts,True,1,fail,fail,True,2,1,1,bounded_glob_packets/case-153.json,cf767347b01a38049804e0308e1889d85196e65eb2ce19a12046c2c856d47110
154,repo:acme/api:ref:refs/heads/**,sts.amazonaws.com,dev-any,True,0,pass,pass,True,2,0,0,bounded_glob_packets/case-154.json,d66dd92df1a6e63bbaf4104d50ed1abe37352dc1159b0ae7b494c6dfb4b65742
155,repo:acme/api:ref:refs/heads/**,sts.amazonaws.com,dev-any,True,1,pass,pass,True,2,0,0,bounded_glob_packets/case-155.json,d39e00fba57d1aa2e7570aab0def54cb1e5aa4359377d84106cd1062532b590a
156,repo:acme/api:ref:refs/heads/**,?ault,none,False,0,fail,fail,True,3,0,3,bounded_glob_packets/case-156.json,669eb499102c6bfe679974fd3aeac11438ddf04a24ebdf3e52d0afb042fc9a52
157,repo:acme/api:ref:refs/heads/**,?ault,none,False,1,fail,fail,True,3,1,3,bounded_glob_packets/case-157.json,49749093570b53c6add3571bae4af081a58458ee8e803dbf41c45a64a1218a06
158,repo:acme/api:ref:refs/heads/**,?ault,main-sts,False,0,fail,fail,True,3,0,3,bounded_glob_packets/case-158.json,2a7c1f0642e58370e049e0cfbf5d4b22ae06f5ef3c30098f95121eed6d505126
159,repo:acme/api:ref:refs/heads/**,?ault,main-sts,False,1,fail,fail,True,3,1,3,bounded_glob_packets/case-159.json,0a80bd0a7ca27df4400059bdf7123343b1d5d8cbeab12693452687d9d8768482
160,repo:acme/api:ref:refs/heads/**,?ault,dev-any,False,0,fail,fail,True,2,0,2,bounded_glob_packets/case-160.json,dc076f9fdfc913ebe012a5adfb15daff4d6e51cb108202ab7fe8abc788aa2875
161,repo:acme/api:ref:refs/heads/**,?ault,dev-any,False,1,fail,fail,True,2,1,2,bounded_glob_packets/case-161.json,732045865a8c15b399650b1f1f50b1776176c69693d94ba860c9e8bceb5ac8a3
162,repo:acme/api:ref:refs/heads/**,[sv]*,none,True,0,pass,pass,True,1,0,0,bounded_glob_packets/case-162.json,75a9434bf47a412a8a1bd78eae29a5cfd7eaac9bd37e69ea67ec5f44926ced1c
163,repo:acme/api:ref:refs/heads/**,[sv]*,none,True,1,fail,fail,True,1,1,0,bounded_glob_packets/case-163.json,0a18b6d73f778ad3ba67b9bb33d820d623b8eb8ba412b7c505af9f0fa7975b3b
164,repo:acme/api:ref:refs/heads/**,[sv]*,main-sts,True,0,pass,pass,True,1,0,0,bounded_glob_packets/case-164.json,54aa8cfc1fa45882c76526186a249b99e04a72d3d0921a1fa442b7b47d1cf7c7
165,repo:acme/api:ref:refs/heads/**,[sv]*,main-sts,True,1,fail,fail,True,1,1,0,bounded_glob_packets/case-165.json,221a822c7fcab98bcca01a2bbbc9bcc06c11b4ee818e871d4cc7e25feaa17166
166,repo:acme/api:ref:refs/heads/**,[sv]*,dev-any,True,0,pass,pass,True,1,0,0,bounded_glob_packets/case-166.json,6d4d2f6e15441966d9b6b4599d59195a8be58b7806d74b5ccf2fa24ac02f6017
167,repo:acme/api:ref:refs/heads/**,[sv]*,dev-any,True,1,fail,fail,True,1,1,0,bounded_glob_packets/case-167.json,7c732535c66e8820fcae9f3eb4926d264523500cc93ccfce2eaac411d8aa9b94
168,repo:acme/api:ref:refs/heads/releas?,*,none,True,0,fail,fail,True,2,0,1,bounded_glob_packets/case-168.json,dcdf69b7cab6bab99c76cfd031220d59758dcab3ae4334bf87099849f69d17db
169,repo:acme/api:ref:refs/heads/releas?,*,none,True,1,fail,fail,True,2,1,1,bounded_glob_packets/case-169.json,52561c4655010058d18f1bebd63dfb0d7536a394884b42870f85dd49a06001f3
170,repo:acme/api:ref:refs/heads/releas?,*,main-sts,True,0,fail,fail,True,2,0,1,bounded_glob_packets/case-170.json,7efbb7bed69d003558c0b6b04643cf735038ad5c8edc479906a111fad8ef9fd8
171,repo:acme/api:ref:refs/heads/releas?,*,main-sts,True,1,fail,fail,True,2,1,1,bounded_glob_packets/case-171.json,03bb104cb7f9e8a13cbadcd0a488163aa57aaf6593f6cbe75c16367b95f01698
172,repo:acme/api:ref:refs/heads/releas?,*,dev-any,True,0,fail,fail,True,2,0,1,bounded_glob_packets/case-172.json,55c76969915fa69b821eb3b07f97c5ef2c2b68b8084aa7a5ee6d39dedd6a1759
173,repo:acme/api:ref:refs/heads/releas?,*,dev-any,True,1,fail,fail,True,2,1,1,bounded_glob_packets/case-173.json,793c9cfe69e36da2fc34186585b53253d7a9650c06f3c38cc52b0b9ed94edec8
174,repo:acme/api:ref:refs/heads/releas?,sts.amazonaws.com,none,False,0,pass,pass,True,1,0,0,bounded_glob_packets/case-174.json,1e59d057e45d54689f824f50d00bf9a2dc04ae9628d202b73ee61f213dc28944
175,repo:acme/api:ref:refs/heads/releas?,sts.amazonaws.com,none,False,1,fail,fail,True,1,1,0,bounded_glob_packets/case-175.json,b205806e79602c31d7049940bc7ec31c7913e43c1016eeffc63a27756f9b8a81
176,repo:acme/api:ref:refs/heads/releas?,sts.amazonaws.com,main-sts,False,0,pass,pass,True,1,0,0,bounded_glob_packets/case-176.json,08d57a48c6972af813a2b905bdbf07bc1d6734365b4fbbe3e23bd55c474c0390
177,repo:acme/api:ref:refs/heads/releas?,sts.amazonaws.com,main-sts,False,1,fail,fail,True,1,1,0,bounded_glob_packets/case-177.json,910885fafd6aad720756007a313a41ff6039b4326f80db546e832a940029709d
178,repo:acme/api:ref:refs/heads/releas?,sts.amazonaws.com,dev-any,False,0,pass,pass,True,1,0,0,bounded_glob_packets/case-178.json,701db42d7d2b381fc0d3d6421f5d8fc1e5e03f5479d5f400227e5db672710771
179,repo:acme/api:ref:refs/heads/releas?,sts.amazonaws.com,dev-any,False,1,fail,fail,True,1,1,0,bounded_glob_packets/case-179.json,876ab9426c6062d8411474dc2458e6c370de2fbbe369bc3cd85fc577b7f973b8
180,repo:acme/api:ref:refs/heads/releas?,?ault,none,True,0,fail,fail,True,2,0,1,bounded_glob_packets/case-180.json,7b7613e20d9183a3b3c8103ce0cbeda9c0b5a9e29528272454f44153fa75dd79
181,repo:acme/api:ref:refs/heads/releas?,?ault,none,True,1,fail,fail,True,2,1,1,bounded_glob_packets/case-181.json,98568be8443ac73bc016586f8101f0e3806eba456b9aeea3578cf348887efb4a
182,repo:acme/api:ref:refs/heads/releas?,?ault,main-sts,True,0,fail,fail,True,2,0,1,bounded_glob_packets/case-182.json,b9758880cc8ee4a7dc6b543c55918c57648956fcaeb6fa0256d2329c7d5c91b7
183,repo:acme/api:ref:refs/heads/releas?,?ault,main-sts,True,1,fail,fail,True,2,1,1,bounded_glob_packets/case-183.json,0a79281f019a5e190e9cf82877cdf61f6ce2987b3aec952cc88455562e5eea54
184,repo:acme/api:ref:refs/heads/releas?,?ault,dev-any,True,0,fail,fail,True,2,0,1,bounded_glob_packets/case-184.json,d11ee86cb0552a7022a97ead62255abb9530491c0e321dbbec6a35fb7040d33a
185,repo:acme/api:ref:refs/heads/releas?,?ault,dev-any,True,1,fail,fail,True,2,1,1,bounded_glob_packets/case-185.json,27d977055c516fbf8cafee66f30500eddf765b5b51831b116ff0a13de4c668ce
186,repo:acme/api:ref:refs/heads/releas?,[sv]*,none,False,0,pass,pass,True,0,0,0,bounded_glob_packets/case-186.json,609d3833460a275993c35677524156f3ef4299968fba4923fd4bcec315a16d43
187,repo:acme/api:ref:refs/heads/releas?,[sv]*,none,False,1,fail,fail,True,0,1,0,bounded_glob_packets/case-187.json,8529c60c3e576029150f84b772a9c3081ba6affe417077294c11c67354e9b0c0
188,repo:acme/api:ref:refs/heads/releas?,[sv]*,main-sts,False,0,pass,pass,True,0,0,0,bounded_glob_packets/case-188.json,4dbf681a4d8451f50f4e8a0a4ac25fe32c4bbd6bce2415cb3eba11b898968ffd
189,repo:acme/api:ref:refs/heads/releas?,[sv]*,main-sts,False,1,fail,fail,True,0,1,0,bounded_glob_packets/case-189.json,67bce5d539c5bdee4a14f835cc587285b64ac1fe01822d31452e3872186c54ac
190,repo:acme/api:ref:refs/heads/releas?,[sv]*,dev-any,False,0,pass,pass,True,0,0,0,bounded_glob_packets/case-190.json,8115a8df08642379babb5662fe0afe45fa3d4149f2dce7d64a6db812ce3e2a11
191,repo:acme/api:ref:refs/heads/releas?,[sv]*,dev-any,False,1,fail,fail,True,0,1,0,bounded_glob_packets/case-191.json,fa932f826bdc4881bb5f232f22c1048b96d9a6ef518b00aa544a7a3a0ae925a6
