kind,file,case,expected_safe,Presence_safe,WildcardBan_safe,ExactEnvironment_safe,AccessAnalyzerStyle_safe,IaCScannerStyle_safe,WorkflowOIDCStyle_safe,IntentSubsetNoDeny_safe
registered,01_safe_exact_branch.json,safe_exact_branch,True,True,True,True,True,True,True,True
registered,02_repo_wildcard_all_events.json,repo_wildcard_all_events,False,True,False,False,True,False,False,False
registered,03_org_wildcard_any_repo.json,org_wildcard_any_repo,False,True,False,False,True,False,False,False
registered,04_pull_request_admitted.json,pull_request_admitted,False,True,True,True,True,True,False,False
registered,05_unprotected_environment.json,unprotected_environment,False,True,True,False,True,True,False,False
registered,06_safe_protected_environment.json,safe_protected_environment,True,True,True,True,True,True,True,True
registered,07_missing_subject.json,missing_subject,False,False,False,False,False,False,False,False
registered,08_audience_wildcard.json,audience_wildcard,False,True,False,False,True,False,False,False
registered,09_multi_statement_broad.json,multi_statement_broad,False,True,False,False,True,False,True,False
registered,10_tag_wildcard_overgrant.json,tag_wildcard_overgrant,False,True,False,False,True,False,False,False
registered,11_safe_conjunctive_refinement.json,safe_conjunctive_refinement,True,True,False,False,True,False,True,True
registered,12_conjunctive_ref_broad.json,conjunctive_ref_broad,False,True,False,False,True,False,False,False
registered,13_safe_dynamic_alphabet.json,safe_dynamic_alphabet,True,True,True,True,True,True,True,True
registered,14_non_github_oidc_principal.json,non_github_oidc_principal,False,True,True,True,False,False,False,False
registered,15_wildcard_federated_principal.json,wildcard_federated_principal,False,True,False,False,False,False,False,False
registered,16_mixed_principal_outside_core.json,mixed_principal_outside_core,False,True,True,True,False,False,False,False
registered,17_safe_effective_deny_narrows_finite_overgrant.json,safe_effective_deny_narrows_finite_overgrant,True,True,True,True,True,True,True,False
registered,18_unqualified_claim_keys_ineffective.json,unqualified_claim_keys_ineffective,False,False,False,False,False,False,False,False
registered,19_substring_principal_rejected.json,substring_principal_rejected,False,True,True,True,False,False,False,False
registered,20_cross_repository_environment_governance.json,cross_repository_environment_governance,False,True,True,False,True,True,False,False
registered,21_audience_issuer_intersection_safe.json,audience_issuer_intersection_safe,True,True,False,False,True,False,False,True
registered,22_literal_star_audience_unsafe.json,literal_star_audience_unsafe,False,True,False,False,True,False,True,False
registered,23_literal_question_audience_unsafe.json,literal_question_audience_unsafe,False,True,False,False,True,False,True,False
registered,24_unsupported_allow_condition_erased_safe.json,unsupported_allow_condition_erased_safe,True,True,True,True,True,True,True,True
registered,25_branch_slash_safe.json,branch_slash_safe,True,True,True,True,True,True,True,True
registered,26_encoded_colon_environment_safe.json,encoded_colon_environment_safe,True,True,True,True,True,True,True,True
registered,27_unsupported_deny_cannot_discharge_unsafe.json,unsupported_deny_cannot_discharge_unsafe,False,True,True,True,True,True,False,False
registered,28_safe_deny_removes_bad_audience.json,safe_deny_removes_bad_audience,True,True,False,False,True,False,True,False
registered,29_foreign_provider_claim_key_ignored.json,foreign_provider_claim_key_ignored,False,False,False,False,False,False,False,False
registered,30_safe_equals_literal_question_subject.json,safe_equals_literal_question_subject,True,True,False,False,True,False,False,True
registered,31_like_question_does_not_match_literal_intent.json,like_question_does_not_match_literal_intent,False,True,False,False,True,False,False,False
registered,32_foranyvalue_operator_outside_core.json,foranyvalue_operator_outside_core,False,True,True,True,False,False,False,False
registered,33_selected_claim_default_environment_not_branch_definable.json,33_selected_claim_default_environment_not_branch_definable,False,True,True,False,True,True,False,False
registered,34_selected_claim_ref_environment_repository_id_safe.json,34_selected_claim_ref_environment_repository_id_safe,True,False,False,False,False,False,False,False
registered,35_selected_claim_workflow_ref_safe.json,35_selected_claim_workflow_ref_safe,True,False,False,False,False,False,False,False
registered,36_selected_claim_custom_property_without_ref_unsafe.json,36_selected_claim_custom_property_without_ref_unsafe,False,False,False,False,False,False,False,False
registered,37_action_wildcard_outside_core.json,action_wildcard_outside_core,False,True,False,False,False,False,False,False
public,01_docs_repo_suffix_wildcard.json,docs_repo_suffix_wildcard,False,True,False,False,True,False,False,False
public,02_discussion_repo_suffix_wildcard.json,discussion_repo_suffix_wildcard,False,True,False,False,True,False,False,False
public,03_discussion_org_wildcard.json,discussion_org_wildcard,False,True,False,False,True,False,False,False
public,04_explicit_pull_request_subject.json,explicit_pull_request_subject,False,True,True,True,True,True,False,False
public,05_environment_exact_with_governance.json,environment_exact_with_governance,True,True,True,True,True,True,True,True
public,06_environment_exact_without_governance.json,environment_exact_without_governance,False,True,True,False,True,True,False,False
public,07_condition_key_typo.json,condition_key_typo,False,True,False,False,False,False,False,False
public,08_custom_audience_issuer_cut.json,custom_audience_issuer_cut,True,True,True,True,True,True,True,True
public,09_stackoverflow_multi_repo_suffix_wildcard.json,stackoverflow_multi_repo_suffix_wildcard,False,True,False,False,True,False,False,False
public,10_gist_deny_pull_request_not_enough.json,gist_deny_pull_request_not_enough,False,True,False,False,True,False,False,False
public,11_aws_exact_branch_safe.json,aws_exact_branch_safe,True,True,True,True,True,True,True,True
public,12_blog_main_prefix_wildcard.json,blog_main_prefix_wildcard,False,True,False,False,True,False,False,False
public,13_awsfundamentals_repo_suffix_wildcard.json,awsfundamentals_repo_suffix_wildcard,False,True,False,False,True,False,False,False
public,14_oneuptime_environment_protected_safe.json,oneuptime_environment_protected_safe,True,True,True,True,True,True,True,True
public,15_oneuptime_environment_unprotected.json,oneuptime_environment_unprotected,False,True,True,False,True,True,False,False
public,16_stackoverflow_repo_suffix_wildcard.json,stackoverflow_repo_suffix_wildcard,False,True,False,False,True,False,False,False
public,17_github_oidc_ref_exact_branch_safe.json,github_oidc_ref_exact_branch_safe,True,True,True,True,True,True,True,True
public,18_github_oidc_ref_tag_subject_not_release_branch.json,github_oidc_ref_tag_subject_not_release_branch,False,True,True,True,True,True,False,False
public,19_github_oidc_ref_pull_request_not_release_branch.json,github_oidc_ref_pull_request_not_release_branch,False,True,True,True,True,True,False,False
public,20_github_oidc_ref_environment_with_governance_safe.json,github_oidc_ref_environment_with_governance_safe,True,True,True,True,True,True,True,True
optional-public-issue,01_configure_aws_credentials_readme_exact_branch_safe.json,configure_aws_credentials_readme_exact_branch_safe,True,True,True,True,True,True,True,True
optional-public-issue,02_github_docs_repo_suffix_wildcard.json,github_docs_repo_suffix_wildcard,False,True,False,False,True,False,False,False
optional-public-issue,03_terraform_module_main_prefix_wildcard_issue.json,terraform_module_main_prefix_wildcard_issue,False,True,False,False,True,False,False,False
optional-public-issue,04_marketplace_org_repo_wildcard.json,marketplace_org_repo_wildcard,False,True,False,False,True,False,False,False
optional-public-issue,05_configure_credentials_pull_request_review_wildcard_issue.json,configure_credentials_pull_request_review_wildcard_issue,False,True,False,False,True,False,False,False
optional-public-issue,06_environment_exact_without_governance_public_issue.json,environment_exact_without_governance_public_issue,False,True,True,False,True,True,False,False
optional-public-issue,07_github_docs_environment_with_governance_safe.json,github_docs_environment_with_governance_safe,True,True,True,True,True,True,True,True
optional-public-issue,08_exact_branch_from_user_issue_safe.json,exact_branch_from_user_issue_safe,True,True,True,True,True,True,True,True
