kind,a,b,i,valid,witness,brute_bounded
pair,$$**a,$??$?,,True,$$a,$$a
pair,*b$?,a,,True,b$$,b$a
pair,?a:a,:?b*,,True,$a:a,aa:a
pair,:?,bba$,,True,:$,:a
pair,a?b,:b*a,,True,a$b,aab
pair,?$:,,,True,$$:,a$:
pair,:?:,b*$a*,,True,:$:,:a:
pair,a*,$b$:$,,True,a,a
pair,?b,:*:a,,True,$b,ab
pair,a*ab,,,True,aab,aab
pair,b**?,b,,True,ba,ba
pair,?a$aa,*bb$*,,True,$a$aa,aa$aa
pair,$bb,*?aa,,True,$bb,$bb
pair,?b,b,,True,ab,ab
pair,??a$,,,True,$$a$,aaa$
pair,,?aba,,True,,
pair,$a:,,,True,$a:,$a:
pair,bb$b$,$,,True,bb$b$,bb$b$
pair,baa,,,True,baa,baa
pair,*a$,?b:?a,,True,a$,a$
pair,b,,,True,b,b
pair,?$,:b,,True,$$,a$
pair,*$a:?,:,,True,$a:$,$a:a
pair,*a$,:b,,True,a$,a$
pair,b,,,True,b,b
pair,???a*,,,True,aaaa,aaaa
pair,a,b,,True,a,a
pair,,?b?a,,True,,
pair,$::b,$::$b,,True,$::b,$::b
pair,,:?:a,,True,,
pair,:,$ba,,True,:,:
pair,$:,*?*,,True,,
pair,,**b$b,,True,,
pair,,b,,True,,
pair,*bba,$***a,,True,bba,bba
pair,$?*?$,b,,True,$$$$,$aa$
pair,?,b*a*?,,True,:,a
pair,a,,,True,a,a
pair,:a,*$??a,,True,:a,:a
pair,$a,bb,,True,$a,$a
pair,b$$b,$:$$,,True,b$$b,b$$b
pair,?*a,*?:*?,,True,:a,aa
pair,a,?ba**,,True,a,a
pair,b$:*,,,True,b$:,b$:
pair,*b,,,True,b,b
pair,?:,ab::,,True,$:,a:
pair,b?,:,,True,b:,ba
pair,?b,:ab$b,,True,$b,ab
pair,a**$,?,,True,a$,a$
pair,,a*,,True,,
pair,,,,True,,
pair,b$??,:abb?,,True,b$$$,b$aa
pair,?a,b$a,,True,$a,aa
pair,b:?$*,b??:,,True,b:$$,b:a$
pair,a,b*$,,True,a,a
pair,b,a***,,True,b,b
pair,?,aa:,,True,:,a
pair,,a$,,True,,
pair,,$,,True,,
pair,?$*b*,a::,,True,$$b,a$b
pair,:*?:,$?$,,True,:$:,:a:
pair,:,:,,True,,
pair,$:b:,*:a,,True,$:b:,$:b:
pair,*a,$b$,,True,a,a
pair,?,:ba*,,True,$,a
pair,,*:,,True,,
pair,?$:,*a?*,,True,$$:,b$:
pair,ba,?,,True,ba,ba
pair,a,*:b,,True,a,a
pair,?*?:?,:$$b:,,True,$$:$,aa:a
pair,:,*:b,,True,:,:
pair,:,,,True,:,:
pair,:??aa,?b,,True,:$$aa,:aaaa
pair,:a*$,,,True,:a$,:a$
pair,:a::,a?b,,True,:a::,:a::
pair,$*:*b,*:?,,True,$:$b,$:ab
pair,$a?b?,b:b$b,,True,$a$b$,$aaba
pair,?b,a*,,True,:b,bb
pair,?a*:,*?$,,True,$a:,aa:
pair,b*,??*,,True,b,b
pair,*:b,?a,,True,:b,:b
pair,,:aaa,,True,,
pair,?a,:$a,,True,$a,aa
pair,:a*a,,,True,:aa,:aa
pair,$?$a,b?*,,True,$$$a,$a$a
pair,b,?:$$?,,True,b,b
pair,a,:b,,True,a,a
pair,,b$$$$,,True,,
pair,a?,a,,True,aa,aa
pair,,$b?,,True,,
pair,$::a?,$$$$:,,True,$::a$,$::aa
pair,,$:$,,True,,
pair,b$*,a$*$:,,True,b$,b$
pair,ba,:bab,,True,ba,ba
pair,?:*a$,$*b*$,,True,$:a$,a:a$
pair,:?bb,*$b:,,True,:$bb,:abb
pair,b**a$,,,True,ba$,ba$
pair,:,?a?**,,True,:,:
pair,b,,,True,b,b
pair,:?$b,,,True,:$$b,:a$b
pair,,$b,,True,,
pair,a::,b:$,,True,a::,a::
pair,a?,a:,,True,aa,aa
pair,?:?:,*b?:b,,True,::::,a:a:
pair,$*,*:**a,,True,$,$
pair,$,a*?b*,,True,$,$
pair,ab*,a,,True,ab,ab
pair,a*a:,ba,,True,aa:,aa:
pair,,?,,True,,
pair,$b$,?*$a:,,True,$b$,$b$
pair,$:b$b,aa,,True,$:b$b,$:b$b
pair,:$*?:,,,True,:$$:,:$a:
pair,?a$$,,,True,$a$$,aa$$
pair,b,,,True,b,b
pair,$$,*ba$,,True,$$,$$
pair,b?**?,?*,,True,,
pair,$:*,$*?,,True,,
pair,:,,,True,:,:
pair,a*:,*b$*$,,True,a:,a:
pair,,$?b?,,True,,
pair,a*,?a*,,True,a,a
pair,b$$?,aa:$,,True,b$$$,b$$a
pair,,,,True,,
pair,?ba:,a::,,True,$ba:,aba:
pair,ba*,,,True,ba,ba
pair,*ab?$,ab,,True,ab$$,aba$
pair,?a?*,?$::,,True,$a$,aaa
pair,*$,a::aa,,True,$,$
pair,,,,True,,
pair,$*,:*:a:,,True,$,$
pair,a$*,b,,True,a$,a$
pair,?aa,a,,True,aaa,aaa
pair,*?,$:,,True,$,a
pair,b$*a:,b*:a$,,True,b$a:,b$a:
pair,,,,True,,
pair,:?:$,abab,,True,:$:$,:a:$
pair,,*:$a,,True,,
pair,??,?,,True,aa,aa
pair,,:?ab,,True,,
pair,$,?$,,True,$,$
pair,abaa,bab?b,,True,abaa,abaa
pair,$ab:,?:,,True,$ab:,$ab:
pair,?*aaa,?bb,,True,:aaa,aaaa
pair,:?b?,aa*?*,,True,:$b$,:aba
pair,??b::,:*b,,True,::b::,aab::
pair,:?*,a::,,True,::,:a
pair,?a,bba,,True,:a,aa
pair,b,a?b*,,True,b,b
pair,$:*,a:?*:,,True,$:,$:
pair,a?b,,,True,a:b,aab
pair,?$:,**$a,,True,$$:,a$:
pair,,**?,,True,,
pair,$*aaa,b:,,True,$aaa,$aaa
pair,$a,*?a$a,,True,$a,$a
pair,*b*,:*a,,True,b,b
pair,a,*b?,,True,a,a
pair,ab?b*,,,True,ab:b,abab
pair,$?ba,bbb?,,True,$$ba,$aba
pair,*?*?,a*b$:,,True,$$,aa
pair,b$a*b,*$,,True,b$ab,b$ab
pair,::a?,?,,True,::a:,::aa
pair,$$b,*?$b,,True,,
pair,b,?:,,True,b,b
pair,:?*:,b*$$,,True,:$:,:a:
pair,:**,a,,True,:,:
pair,:b,$*,,True,:b,:b
pair,b$a*$,b?,,True,b$a$,b$a$
pair,:?:,,,True,:::,:a:
pair,$a?b,a$$b$,,True,$a$b,$aab
pair,?**$$,b?,,True,$$$,a$$
pair,**:$*,a?,,True,:$,:$
pair,?,bba,,True,:,a
pair,a?$b,?ab*?,,True,a$$b,aa$b
pair,*:b,$??:b,,True,:b,:b
pair,?,?ab$,,True,$,a
pair,,b$,,True,,
pair,b$a:,,,True,b$a:,b$a:
pair,*?a*,$$,,True,$a,aa
pair,?,$?,,True,$,a
pair,???a,:$**a,,True,$$$a,aaaa
pair,$,:$,,True,$,$
pair,b,:a,,True,b,b
pair,?*$,,,True,$$,a$
pair,,**?,,True,,
pair,$??,?,,True,$$$,$aa
pair,,b$,,True,,
pair,$*:*:,:aa,,True,$::,$::
pair,b*a,:aa,,True,ba,ba
pair,$:aa,a?b,,True,$:aa,$:aa
pair,a,$b,,True,a,a
pair,?:$,aaa*a,,True,$:$,a:$
pair,?b:?b,a*,,True,$b:$b,bb:ab
pair,a$,b,,True,a$,a$
pair,$$a?,:*a$:,,True,$$a$,$$aa
pair,,?:,,True,,
pair,*:b,*$?,,True,:b,:b
pair,a:*,:?$$*,,True,a:,a:
pair,*a,$?,,True,a,a
pair,,a:,,True,,
pair,a,$a$$,,True,a,a
pair,?$*b*,,,True,$$b,a$b
pair,aa$,a*,,True,,
pair,?a,ba,,True,:a,aa
pair,ba,?a,,True,,
pair,*a,ab$*,,True,a,a
pair,*:b,b*,,True,:b,:b
pair,::a,:ba,,True,::a,::a
pair,a:?b:,:*$,,True,a:$b:,a:ab:
pair,*:?,*aa,,True,::,:a
pair,$:*,a,,True,$:,$:
pair,a:b*b,$b**,,True,a:bb,a:bb
pair,:b,b*bb,,True,:b,:b
pair,?$:,?,,True,$$:,a$:
pair,,,,True,,
pair,*$*,a:?,,True,$,$
pair,a,:b,,True,a,a
pair,*b?,*a,,True,b:,bb
pair,$?b,,,True,$$b,$ab
pair,a?b,?$a?a,,True,a$b,aab
pair,,?*$,,True,,
pair,,,,True,,
pair,?$,*$,,True,,
pair,,a,,True,,
pair,aa*,,,True,aa,aa
pair,a*:,$b$:,,True,a:,a:
pair,,?:,,True,,
pair,,?a,,True,,
pair,*$?$,b?*,,True,$$$,$a$
pair,,a,,True,,
pair,??:?,,,True,::::,aa:a
pair,a*,a*,,True,,
pair,,???,,True,,
pair,:$a:,a*?,,True,:$a:,:$a:
pair,a*a:$,,,True,aa:$,aa:$
pair,,*$,,True,,
pair,?$$,,,True,$$$,a$$
pair,*:?,::$*b,,True,:$,:a
pair,a$,*$,,True,,
pair,$aaa,??:ba,,True,$aaa,$aaa
pair,a*,b?ba*,,True,a,a
pair,a:a,$$,,True,a:a,a:a
pair,,$baa?,,True,,
pair,$b,,,True,$b,$b
pair,b,b?:,,True,b,b
pair,??:b*,,,True,:::b,aa:b
pair,b,$,,True,b,b
pair,,:a?*,,True,,
pair,?a:a,,,True,:a:a,aa:a
pair,,$,,True,,
pair,b:$**,:??a,,True,b:$,b:$
pair,bb,a??,,True,bb,bb
pair,,:a**:,,True,,
pair,??a,*:,,True,::a,aaa
pair,:$$,,,True,:$$,:$$
pair,b,:,,True,b,b
pair,$b,?$,,True,$b,$b
pair,?$?a,*?,,True,,
pair,?:?ab,a$$$*,,True,$:$ab,a:aab
pair,b$bb,*ab:,,True,b$bb,b$bb
pair,$*,$??b,,True,$,$
pair,,*::,,True,,
pair,,a*,,True,,
pair,a,aa,,True,a,a
pair,*::?,bb?a,,True,::$,::a
pair,???bb,:*$,,True,$$$bb,aaabb
pair,a$b:,,,True,a$b:,a$b:
pair,aa?b?,ba,,True,aa:b:,aaaba
pair,:,,,True,:,:
pair,,,,True,,
pair,:$:,bb,,True,:$:,:$:
pair,b*?,a,,True,b:,ba
pair,?,b$b,,True,$,a
pair,,*$ab:,,True,,
pair,a?b,a:$:$,,True,a$b,aab
pair,,ab,,True,,
pair,*$,*?*,,True,,
pair,b,,,True,b,b
pair,?aa:,:,,True,:aa:,aaa:
pair,?$,?:??,,True,$$,a$
pair,a*,baba?,,True,a,a
pair,*ba,:b:,,True,ba,ba
pair,bb?*,,,True,bba,bba
pair,a,b?bb,,True,a,a
pair,a,b?,,True,a,a
pair,a:??,$:b,,True,a:$$,a:aa
pair,:a?,a:b**,,True,:a$,:aa
pair,:?ab,**?$,,True,:$ab,:aab
pair,?b,b$bb,,True,$b,ab
pair,b??,*$?a,,True,b$$,baa
pair,$*:a,bba,,True,$:a,$:a
pair,?,::,,True,:,a
pair,**:,,,True,:,:
pair,,b,,True,,
pair,:,?a:,,True,:,:
pair,:,?,,True,,
pair,:,:,,True,,
pair,b?:b,ba,,True,b$:b,ba:b
pair,aa,*bb,,True,aa,aa
pair,,:*,,True,,
pair,::,*a:a,,True,::,::
pair,,:::b*,,True,,
pair,:aa,bb*?,,True,:aa,:aa
pair,bb:*?,:ab,,True,bb:$,bb:a
pair,,$?,,True,,
pair,ba?:,**:?,,True,ba$:,baa:
pair,:,,,True,:,:
pair,$?:,?:a?b,,True,$$:,$a:
pair,a***:,$a,,True,a:,a:
pair,$,b**$b,,True,$,$
pair,$b?a*,,,True,$b$a,$baa
pair,b,*:$:,,True,b,b
pair,*$?a,:,,True,$$a,$aa
pair,b,a*:,,True,b,b
pair,*a,$:a,,True,a,a
pair,?,,,True,a,a
pair,b?*,b:,,True,ba,ba
pair,b,::**,,True,b,b
pair,:a?,bb::,,True,:a$,:aa
pair,*::,??,,True,:::,a::
pair,a,,,True,a,a
pair,b,,,True,b,b
pair,b$:,bbb:,,True,b$:,b$:
pair,b$,,,True,b$,b$
pair,,b??*,,True,,
pair,a*,:$,,True,a,a
pair,a*,?a,,True,a,a
pair,$$?,bb$*a,,True,$$$,$$a
pair,:b**?,aa,,True,:b$,:ba
pair,?$*,b:*:,,True,$$,a$
pair,:,:?b*,,True,:,:
pair,$$*:?,b*a:?,,True,$$:$,$$:a
pair,**:?,,,True,::,:a
pair,$*?a,a:*?,,True,$$a,$aa
pair,??b*:,a?b:*,,True,$$b:,bab:
pair,$a,$$b?a,,True,$a,$a
pair,*::b,,,True,::b,::b
pair,:,$aa,,True,:,:
pair,b*::?,?*$,,True,b:::,b::a
pair,?ab,,,True,:ab,aab
pair,b?,,,True,ba,ba
pair,b$*$a,?*:?,,True,b$$a,b$$a
pair,?$b*,*?a?,,True,$$b,a$b
pair,?$,?$?$,,True,$$,a$
pair,**$,:?a:a,,True,$,$
pair,a$?,:,,True,a$$,a$a
pair,b?a:,$aa:,,True,b$a:,baa:
pair,:,$::a:,,True,:,:
pair,?b,b,,True,ab,ab
pair,?$b$,:$b:,,True,$$b$,a$b$
pair,,*:b,,True,,
pair,*?a:,*:*b,,True,$a:,aa:
pair,,,,True,,
pair,$?::b,:b$:,,True,$$::b,$a::b
pair,:,b,,True,:,:
pair,,?a$?,,True,,
pair,,a,,True,,
pair,*::,:$$,,True,::,::
pair,a::a$,$a,,True,a::a$,a::a$
pair,b,a$$,,True,b,b
pair,*aa,:b*a,,True,aa,aa
pair,$,:*a?:,,True,$,$
pair,??,$?,,True,a$,aa
pair,b**b,a*a,,True,bb,bb
pair,*?a,$::,,True,$a,aa
pair,b$*?b,,,True,b$$b,b$ab
pair,$,ab,,True,$,$
pair,ab,a?b:b,,True,ab,ab
pair,,a?,,True,,
pair,:,*b?a?,,True,:,:
pair,:?:,a,,True,:::,:a:
pair,,??a,,True,,
pair,a*,aa$,,True,a,a
pair,b$$$?,bb::a,,True,b$$$$,b$$$a
pair,,?,,True,,
pair,$?,bbb?,,True,$$,$a
pair,$?,,,True,$$,$a
pair,,,,True,,
pair,:,?$,,True,:,:
pair,$,,,True,$,$
pair,a$:a,*b:,,True,a$:a,a$:a
pair,*:aa:,,,True,:aa:,:aa:
pair,*$$,a*,,True,$$,$$
pair,$a$?,$?a,,True,$a$$,$a$a
pair,*$?,b$$*b,,True,$$,$a
pair,a:?*$,,,True,a:$$,a:a$
pair,*:a,:,,True,:a,:a
pair,b*$:$,a?$?,,True,b$:$,b$:$
pair,*?,:???,,True,:,a
pair,a*?*,:?a?,,True,a:,aa
pair,a*b,a:b,,True,ab,ab
pair,,:,,True,,
pair,a?b,bb**,,True,a:b,aab
pair,$b?:b,baab*,,True,$b$:b,$ba:b
pair,a,,,True,a,a
pair,$bb*,**b$,,True,$bb,$bb
pair,:?a,*?,,True,,
pair,b:,:$$a*,,True,b:,b:
pair,*$b:,b,,True,$b:,$b:
pair,::$,b*,,True,::$,::$
pair,?,?a??$,,True,$,a
pair,,b?bb*,,True,,
pair,?:a?,,,True,::a:,a:aa
pair,,:,,True,,
pair,,a$,,True,,
pair,,a$$,,True,,
pair,:b:?:,,,True,:b:::,:b:a:
pair,*?,a:,,True,:,a
pair,,,,True,,
pair,,:?*b,,True,,
pair,?::*b,:a$bb,,True,$::b,a::b
pair,:aaab,a*,,True,:aaab,:aaab
pair,::?,$a?,,True,::$,::a
pair,$,**?,,True,,
pair,,,,True,,
pair,:$?b?,*b,,True,:$$b$,:$aba
pair,,,,True,,
pair,ba:a?,,,True,ba:a$,ba:aa
pair,,$$a,,True,,
pair,bb,:*$ba,,True,bb,bb
pair,?$b,?aa:b,,True,$$b,a$b
pair,ba:?$,ab:,,True,ba:$$,ba:a$
pair,?*:b$,,,True,$:b$,a:b$
pair,ab?b,*?,,True,,
pair,,?:,,True,,
pair,:*?b?,:,,True,::b:,:aba
pair,:,??a$b,,True,:,:
pair,a*$,b?:a,,True,a$,a$
pair,:,$,,True,:,:
pair,a,,,True,a,a
pair,:?b,$aaba,,True,:$b,:ab
pair,?:a?a,a*b,,True,$:a$a,a:aaa
pair,a::,a?*,,True,,
pair,??,?$*$?,,True,$$,aa
pair,b::aa,*$?*,,True,b::aa,b::aa
pair,$b,***a*,,True,$b,$b
pair,:*:a,,,True,::a,::a
pair,?****,a,,True,b,b
pair,,:$*,,True,,
pair,,,,True,,
pair,:,a,,True,:,:
pair,:$:,??b?,,True,:$:,:$:
pair,a:,b?*?:,,True,a:,a:
pair,,$a?,,True,,
pair,$*?*,:a*a,,True,$$,$a
pair,$$?,?bb,,True,$$$,$$a
pair,,,,True,,
pair,$$?b*,b*a,,True,$$$b,$$ab
pair,b**,aa:?$,,True,b,b
pair,a?b,$:,,True,a$b,aab
pair,?:??*,?:$,,True,$:$$,a:aa
pair,$bbb:,:,,True,$bbb:,$bbb:
pair,:aab:,:aa:,,True,:aab:,:aab:
pair,a,,,True,a,a
pair,a*,*:,,True,a,a
pair,b::,?$ab$,,True,b::,b::
pair,?$?*,b$bb,,True,$$$,a$a
pair,,*a*:,,True,,
pair,:,*a*,,True,:,:
pair,*b??,a*,,True,b::,baa
pair,$:$*,b*,,True,$:$,$:$
pair,,??b*,,True,,
pair,?:*,a*,,True,::,b:
pair,*bb::,ba$,,True,bb::,bb::
pair,,b*b?:,,True,,
pair,$a*$?,?$:::,,True,$a$$,$a$a
pair,?:b,$a$,,True,$:b,a:b
pair,,a,,True,,
pair,a,b?,,True,a,a
pair,:,:,,True,,
pair,:a,b?,,True,:a,:a
pair,,$:?$a,,True,,
pair,,*:b?b,,True,,
pair,,*??*?,,True,,
pair,$$a,:,,True,$$a,$$a
pair,:b$b,:$$,,True,:b$b,:b$b
pair,a:,ba,,True,a:,a:
pair,bb,$,,True,bb,bb
pair,ab,,,True,ab,ab
pair,,a:ab,,True,,
pair,*$,$??b,,True,$,$
pair,:a,$*$,,True,:a,:a
pair,:a**a,,,True,:aa,:aa
pair,b:,,,True,b:,b:
pair,ba,,,True,ba,ba
pair,?*:$:,ab*,,True,$:$:,a:$:
pair,?a?a,b*b,,True,:a:a,aaaa
pair,b:bba,a?*?b,,True,b:bba,b:bba
pair,b*:,b$,,True,b:,b:
pair,,,,True,,
pair,a:*:,:$b,,True,a::,a::
pair,$aa?,:,,True,$aa$,$aaa
pair,**b,a?*,,True,b,b
pair,?ba$a,?a,,True,$ba$a,aba$a
pair,*$bbb,*$??,,True,$bbb,$bbb
pair,,:$,,True,,
pair,b?,a$,,True,b$,ba
pair,,,,True,,
pair,$$a,b$?*,,True,$$a,$$a
pair,,,,True,,
pair,?$,$,,True,$$,a$
pair,bb,*?::,,True,bb,bb
pair,a:ba,,,True,a:ba,a:ba
pair,?$$,:a?,,True,$$$,a$$
pair,:*,ba:a,,True,:,:
pair,$b,,,True,$b,$b
pair,,$*:b,,True,,
pair,a$:*:,?a:,,True,a$::,a$::
pair,:??,a$a,,True,:$$,:aa
pair,,*a,,True,,
pair,,?,,True,,
pair,b,?**,,True,,
pair,*:ab?,:$??a,,True,:ab$,:aba
pair,$::,?$*,,True,$::,$::
pair,,aabab,,True,,
pair,:b$b,b:,,True,:b$b,:b$b
pair,,,,True,,
pair,:baa$,,,True,:baa$,:baa$
pair,,a,,True,,
pair,$?b,,,True,$$b,$ab
pair,$,,,True,$,$
pair,:$*ab,:b:b:,,True,:$ab,:$ab
pair,:b,?$,,True,:b,:b
pair,,:ab:,,True,,
pair,b:?,b,,True,b::,b:a
pair,:a,:aa$:,,True,:a,:a
pair,b?$,,,True,b$$,ba$
pair,:?b::,,,True,::b::,:ab::
pair,:bb,bb,,True,:bb,:bb
pair,$,bbb*b,,True,$,$
pair,,:*b:,,True,,
pair,*a,a*,,True,ba,ba
pair,,:,,True,,
pair,,*:,,True,,
pair,*aa$$,*:?,,True,aa$$,aa$$
pair,b?b$,:b*,,True,b$b$,bab$
pair,b?,$,,True,b$,ba
pair,,?$*,,True,,
pair,aba,,,True,aba,aba
pair,???aa,*:a$,,True,$$$aa,aaaaa
pair,$$**,b?,,True,$$,$$
pair,a*,ab*$,,True,a,a
pair,a$$:b,aa,,True,a$$:b,a$$:b
pair,,bb,,True,,
pair,:b?:a,b,,True,:b$:a,:ba:a
pair,$b,b,,True,$b,$b
pair,*a,$,,True,a,a
pair,$?*?,*abb,,True,$$$,$aa
pair,??,$*,,True,a$,aa
pair,,*a$b,,True,,
pair,$,,,True,$,$
pair,::a$b,a,,True,::a$b,::a$b
pair,b,a*:,,True,b,b
pair,b,ba**:,,True,b,b
pair,a?:**,a,,True,a::,aa:
pair,$?a,$a,,True,$$a,$aa
pair,a$$,:$*$,,True,a$$,a$$
pair,:$*,,,True,:$,:$
pair,a?b,$$a$,,True,a$b,aab
pair,,aaa,,True,,
pair,*?*,?:*,,True,:,a
pair,b:,b:,,True,,
pair,ba:aa,*b:,,True,ba:aa,ba:aa
pair,ab,::*b:,,True,ab,ab
pair,a:?:?,,,True,a::::,a:a:a
pair,a:,$,,True,a:,a:
pair,b:$,$,,True,b:$,b:$
pair,:,a,,True,:,:
pair,b,?*aaa,,True,b,b
pair,,a*,,True,,
pair,b:,b:??,,True,b:,b:
pair,:b?$,bb,,True,:b$$,:ba$
pair,$:$:,$$$,,True,$:$:,$:$:
pair,b?:ba,ab?,,True,b$:ba,ba:ba
pair,:$$?,?::,,True,:$$$,:$$a
pair,?bb,b,,True,abb,abb
pair,ab$a,bb,,True,ab$a,ab$a
pair,b,*?,,True,,
pair,**b,?b$a,,True,b,b
pair,,$$ba,,True,,
pair,b*,,,True,b,b
pair,?$,?*,,True,,
pair,*a*,$a$::,,True,a,a
pair,a**,a*,,True,,
pair,:$::,bba:,,True,:$::,:$::
pair,b??:,$,,True,b$$:,baa:
pair,,?b$?,,True,,
pair,:$*,b?a$,,True,:$,:$
pair,:?b::,ab*,,True,:$b::,:ab::
pair,,a*a,,True,,
pair,a$$ba,?,,True,a$$ba,a$$ba
pair,?:?bb,,,True,:::bb,a:abb
pair,a,*$*?,,True,a,a
pair,b,b:$$,,True,b,b
pair,:$?,??*$,,True,:$:,:$a
pair,*$b$$,,,True,$b$$,$b$$
pair,*?,a$:b?,,True,$,a
pair,a*,a*,,True,,
pair,:,$a,,True,:,:
pair,b?b?$,:,,True,b$b$$,baba$
pair,*b*$:,?$:,,True,$b$:,ab$:
pair,,aa*a,,True,,
pair,*$*:b,,,True,$:b,$:b
pair,a:$b,a*a::,,True,a:$b,a:$b
pair,?,?a:,,True,:,a
pair,b$*,::b,,True,b$,b$
pair,:ab:,$a:,,True,:ab:,:ab:
pair,a:?**,b::,,True,a:$,a:a
pair,$:b,b,,True,$:b,$:b
pair,$*b?,b::b,,True,$b$,$ba
pair,?,b*?,,True,a,a
pair,?$,?$,,True,,
pair,:,$,,True,:,:
pair,abbb,*:bb,,True,abbb,abbb
pair,?:,b:$$$,,True,$:,a:
pair,?:ba:,a*,,True,$:ba:,b:ba:
pair,a*,bb:,,True,a,a
pair,?$*b,?**::,,True,$$b,a$b
pair,*b*b,a:*$,,True,bb,bb
pair,$,$?:?,,True,$,$
pair,,:$,,True,,
pair,ab,b,,True,ab,ab
pair,a:baa,:,,True,a:baa,a:baa
pair,?$,aab,,True,$$,a$
pair,?*,?$a:a,,True,$,a
pair,$:,b,,True,$:,$:
pair,$:,,,True,$:,$:
pair,a,,,True,a,a
pair,,$,,True,,
pair,ab??,a*,,True,,
pair,,:a*b*,,True,,
pair,?$$,?:?bb,,True,$$$,a$$
pair,?b:a,:,,True,$b:a,ab:a
pair,:$,,,True,:$,:$
pair,:,b:$$?,,True,:,:
pair,$a*b,$,,True,$ab,$ab
pair,,*b**,,True,,
pair,b$?,*b*ba,,True,b$$,b$a
pair,$,:??:,,True,$,$
pair,?,:,,True,a,a
pair,,b?*:a,,True,,
pair,?,$?,,True,$,a
pair,ab,,,True,ab,ab
pair,a:*$,,,True,a:$,a:$
pair,,b,,True,,
pair,a$$$,,,True,a$$$,a$$$
pair,ba$b,*?$b,,True,,
pair,,a*$?,,True,,
pair,,,,True,,
pair,:a,:,,True,:a,:a
pair,*:b,,,True,:b,:b
pair,:,,,True,:,:
pair,,b?,,True,,
pair,:::*?,?*$,,True,::::,:::a
pair,*??,:*a*,,True,::,aa
pair,$*?:,,,True,$$:,$a:
pair,b*,*:b,,True,b,b
pair,aa*,$$,,True,aa,aa
pair,bb?ba,a?,,True,bb:ba,bbaba
pair,b,:b?a,,True,b,b
pair,,a:a,,True,,
pair,a***:,***a:,,True,a::,ab:
pair,?ba?:,:?,,True,$ba$:,abaa:
pair,:$:,:b?b:,,True,:$:,:$:
pair,$a,:bba,,True,$a,$a
pair,bab?,?,,True,bab:,baba
pair,b?b:b,$,,True,b$b:b,bab:b
pair,,,,True,,
pair,??b$$,:b,,True,$$b$$,aab$$
pair,:a?$,*:,,True,:a$$,:aa$
pair,??,?,,True,aa,aa
pair,ab??$,,,True,ab$$$,abaa$
pair,$,b$,,True,$,$
pair,:ba?,?,,True,:ba$,:baa
pair,$$$,a*,,True,$$$,$$$
pair,*:b,,,True,:b,:b
pair,,bb$bb,,True,,
pair,bbbb,a,,True,bbbb,bbbb
pair,$*?,*:,,True,$$,$a
pair,$,:$,,True,$,$
pair,b?b$b,a*,,True,b$b$b,bab$b
pair,a$*$,,,True,a$$,a$$
pair,b,:,,True,b,b
pair,b?*,a?a,,True,b:,ba
pair,:??$b,?*?,,True,,
pair,,,,True,,
pair,*?a,a$a:a,,True,$a,aa
pair,:a,,,True,:a,:a
pair,$?,,,True,$$,$a
pair,a:,*a$a,,True,a:,a:
pair,ba*a,a?a*,,True,baa,baa
pair,ba,:b,,True,ba,ba
pair,$*$a,$a$*$,,True,$$a,$$a
pair,?,a?b$:,,True,$,a
pair,a?b,*a,,True,a:b,aab
pair,?*?b,$b,,True,$$b,aab
pair,b:*$,*b,,True,b:$,b:$
pair,b,,,True,b,b
pair,$*:b,*a,,True,$:b,$:b
pair,*:b,$,,True,:b,:b
pair,*b$,?,,True,b$,b$
pair,,a,,True,,
pair,$:a**,::$b?,,True,$:a,$:a
pair,,$::?$,,True,,
pair,?,?baba,,True,:,a
pair,,?b$,,True,,
pair,:*:b,:a,,True,::b,::b
pair,:?:,:$a$,,True,:$:,:a:
pair,?$b,?*$,,True,$$b,a$b
pair,a?b,?,,True,a:b,aab
pair,:$*?*,b:*,,True,:$$,:$a
pair,,$,,True,,
pair,,*$:a,,True,,
pair,?*b$,:bba,,True,$b$,ab$
pair,$:,?$,,True,$:,$:
pair,a,a?b?,,True,a,a
pair,*b,*?a::,,True,b,b
pair,,,,True,,
pair,bb,,,True,bb,bb
pair,$*,$aa,,True,$,$
pair,,*$a,,True,,
pair,a,b:,,True,a,a
pair,,$*b$*,,True,,
pair,b::b,a,,True,b::b,b::b
pair,$*,b$??$,,True,$,$
pair,ab?,?*$*?,,True,ab$,aba
pair,::$a?,:a:*,,True,::$a$,::$aa
pair,,:,,True,,
pair,$:a*,:b,,True,$:a,$:a
pair,$$,:$?$,,True,$$,$$
pair,a*a:b,a?aa,,True,aa:b,aa:b
pair,,b,,True,,
pair,*:*:$,$*b:,,True,::$,::$
pair,$,,,True,$,$
pair,:abab,*:$,,True,:abab,:abab
pair,,a$a$*,,True,,
pair,a?,b,,True,a:,aa
pair,*$*$,$b:a,,True,$$,$$
pair,bb?:?,,,True,bb:::,bba:a
pair,b?$$,?aaa,,True,b$$$,ba$$
pair,a?bba,,,True,a:bba,aabba
pair,?aaa?,:?:*,,True,:aaa:,aaaaa
pair,,,,True,,
pair,:$$$b,*?b$?,,True,:$$$b,:$$$b
pair,$,,,True,$,$
pair,:,b,,True,:,:
pair,bba,,,True,bba,bba
pair,:a$a,a*b,,True,:a$a,:a$a
pair,,$$,,True,,
pair,aa*:a,b:b*,,True,aa:a,aa:a
pair,a::,a:?ba,,True,a::,a::
pair,*ab,,,True,ab,ab
pair,,b,,True,,
pair,ba,*?:$:,,True,ba,ba
pair,ab:b,?$,,True,ab:b,ab:b
pair,*ab*,,,True,ab,ab
pair,b*a:,,,True,ba:,ba:
pair,aa,:*?a$,,True,aa,aa
pair,*:$?,?a*,,True,:$$,:$a
pair,?b,$***,,True,ab,ab
pair,*$,?$,,True,$,$
pair,?b:?b,b,,True,:b::b,ab:ab
pair,?$,bb,,True,$$,a$
pair,*$:b,a:*aa,,True,$:b,$:b
pair,,?$**?,,True,,
pair,,b*$:,,True,,
pair,*:?$?,a,,True,:$$$,:a$a
pair,:$b?,*:?b:,,True,:$b$,:$ba
pair,ab$$a,:*bab,,True,ab$$a,ab$$a
pair,?,??,,True,a,a
pair,bb$*$,,,True,bb$$,bb$$
pair,ba*a,$b??,,True,baa,baa
pair,?$,,,True,$$,a$
pair,b:,b,,True,b:,b:
pair,ab,,,True,ab,ab
pair,,,,True,,
pair,::a,$,,True,::a,::a
pair,?,bbbb,,True,a,a
pair,*:a,:?$,,True,:a,:a
pair,*bb**,,,True,bb,bb
pair,???,$?$?b,,True,$$$,aaa
pair,a,,,True,a,a
pair,,a?b,,True,,
pair,:,aaa$:,,True,:,:
pair,ab$*:,a:,,True,ab$:,ab$:
pair,,,,True,,
pair,::,:b,,True,::,::
pair,,,,True,,
pair,,a*$,,True,,
pair,?,,,True,a,a
pair,$:??a,a:b?a,,True,$:$$a,$:aaa
pair,??,b$?:*,,True,$$,aa
pair,ab?b,?a,,True,ab:b,abab
pair,a$baa,,,True,a$baa,a$baa
pair,??$?:,,,True,$$$$:,aa$a:
pair,?:?*:,:,,True,::::,a:a:
pair,b**$:,,,True,b$:,b$:
pair,,a:,,True,,
pair,a,*:,,True,a,a
pair,?$,:b,,True,$$,a$
pair,*$,,,True,$,$
pair,?$,b,,True,$$,a$
pair,b?*,?$:,,True,b$,ba
pair,b*?**,,,True,ba,ba
pair,?bb,*:,,True,:bb,abb
pair,::a$,b:?$,,True,::a$,::a$
pair,:,:?a,,True,:,:
pair,?:$,,,True,$:$,a:$
pair,:$b:,:,,True,:$b:,:$b:
pair,,$:b,,True,,
pair,a,*:b,,True,a,a
pair,$?bb,$,,True,$$bb,$abb
pair,a**,b,,True,a,a
pair,b:a,*?:?a,,True,b:a,b:a
pair,b?*,$,,True,b$,ba
pair,:,a,,True,:,:
pair,a*:,?b,,True,a:,a:
pair,,a?b,,True,,
pair,*$,?:$,,True,$,$
pair,abb$b,a:*,,True,abb$b,abb$b
pair,,:?,,True,,
pair,*b$,?$$,,True,b$,b$
pair,,bb?,,True,,
pair,$b$a,:aa?b,,True,$b$a,$b$a
pair,*b??,ba:,,True,b$$,baa
pair,,,,True,,
pair,:b,::$,,True,:b,:b
pair,,:,,True,,
pair,$ba*,aa*,,True,$ba,$ba
pair,$$,a?,,True,$$,$$
pair,,??,,True,,
pair,:,$,,True,:,:
pair,a?ba$,bb:?:,,True,a$ba$,aaba$
pair,*?$b,:??$,,True,$$b,a$b
pair,?::aa,?,,True,:::aa,a::aa
pair,??,,,True,aa,aa
pair,$,b,,True,$,$
pair,?ba,,,True,:ba,aba
pair,?$:b$,a*,,True,$$:b$,b$:b$
pair,:$a:,aba,,True,:$a:,:$a:
pair,*$$,?$,,True,$$$,a$$
pair,*$?*a,:,,True,$$a,$aa
pair,$:a*,?,,True,$:a,$:a
pair,$$,:?,,True,$$,$$
pair,:*:,,,True,::,::
pair,:,?,,True,,
pair,$$$?,$a*ba,,True,$$$$,$$$a
pair,:$:b,a,,True,:$:b,:$:b
pair,b,*a,,True,b,b
pair,$$:b?,?$?a,,True,$$:b$,$$:ba
pair,a*,?$,,True,a,a
pair,b,*:b,,True,b,b
pair,b$a??,a$a,,True,b$a$$,b$aaa
pair,?b?,$a$a,,True,$b$,aba
pair,,:,,True,,
pair,$:,:?$,,True,$:,$:
pair,:b:$?,$$$$,,True,:b:$$,:b:$a
pair,*b*,,,True,b,b
pair,,*:*,,True,,
pair,?::??,$b?,,True,$::$$,a::aa
pair,b:*:?,:*,,True,b:::,b::a
pair,b,*ab*,,True,b,b
pair,?a**b,bb*$*,,True,$ab,aab
pair,,?,,True,,
pair,bb,,,True,bb,bb
pair,?b?,a*:*:,,True,$b$,aba
pair,b$,$$,,True,b$,b$
pair,:$?b:,$:a:,,True,:$$b:,:$ab:
pair,?a*b,a*:,,True,$ab,aab
pair,:?b??,b$?,,True,:$b$$,:abaa
pair,**b?,*a$::,,True,b$,ba
pair,*a*?:,,,True,a::,aa:
pair,b:*,abb,,True,b:,b:
pair,,a?bab,,True,,
pair,*b$,*$ab,,True,b$,b$
pair,ab**b,*?bbb,,True,abb,abb
pair,,$*$,,True,,
pair,b:,a*,,True,b:,b:
pair,?aa$$,:a?:,,True,$aa$$,aaa$$
pair,,b?,,True,,
pair,:$,?:,,True,:$,:$
pair,$,$b?,,True,$,$
pair,,$,,True,,
pair,:a?$?,*:*:*,,True,:a$$$,:aa$a
pair,b?,bb*:b,,True,b:,ba
pair,,$,,True,,
pair,:*,*b**b,,True,:,:
pair,,*:b,,True,,
pair,,*$,,True,,
pair,:?a$,:*,,True,,
pair,?*$,**b,,True,$$,a$
pair,b:?aa,,,True,b:$aa,b:aaa
pair,ab,:a,,True,ab,ab
pair,$,baaa*,,True,$,$
pair,*::,,,True,::,::
pair,a:b:*,$,,True,a:b:,a:b:
pair,*$::b,:,,True,$::b,$::b
pair,a,a?,,True,a,a
pair,?bb,$:a$,,True,$bb,abb
pair,,b?,,True,,
pair,:??,b::,,True,:::,:aa
pair,:$a,*b,,True,:$a,:$a
pair,::$,a*$,,True,::$,::$
pair,a$,,,True,a$,a$
pair,$:b,,,True,$:b,$:b
pair,?,a*?:*,,True,:,a
pair,:$?,:a$a,,True,:$$,:$a
pair,??,,,True,aa,aa
pair,a?b,b,,True,a:b,aab
pair,:bb$$,$a,,True,:bb$$,:bb$$
pair,b,b??b,,True,b,b
pair,a?$?,a:,,True,a$$$,aa$a
pair,a?,:?,,True,a:,aa
pair,b:$a:,:?,,True,b:$a:,b:$a:
pair,*$,?b,,True,$,$
pair,?b*,,,True,ab,ab
pair,,:,,True,,
pair,:,bb::,,True,:,:
pair,:*b,?$:$b,,True,:b,:b
pair,aa$a*,,,True,aa$a,aa$a
pair,a*,$bba,,True,a,a
pair,a,a:,,True,a,a
pair,a*,b$:$,,True,a,a
pair,b*,b?b*,,True,b,b
pair,?$,$?,,True,a$,a$
pair,?b?$:,?$,,True,$b$$:,aba$:
pair,?,,,True,a,a
pair,b?:,:a,,True,b$:,ba:
pair,$*?:b,::b,,True,$$:b,$a:b
pair,,**bb,,True,,
pair,?::?*,,,True,::::,a::a
pair,*b$?a,b*$b,,True,b$$a,b$aa
pair,$b:,,,True,$b:,$b:
pair,:,,,True,:,:
pair,?$a,$b,,True,$$a,a$a
pair,,aa$$a,,True,,
pair,?,:*$,,True,$,a
pair,?$$b,,,True,$$$b,a$$b
pair,??a?,a,,True,aaaa,aaaa
pair,b:b*,bb?::,,True,b:b,b:b
pair,ab:,$baaa,,True,ab:,ab:
pair,,b,,True,,
pair,?,?b,,True,a,a
pair,bb:?,aa?:,,True,bb:$,bb:a
pair,?:*b?,a,,True,$:b$,a:ba
pair,?aa:,b$,,True,$aa:,aaa:
pair,,ba,,True,,
pair,b,a,,True,b,b
pair,**$:$,*b,,True,$:$,$:$
pair,b,*$:,,True,b,b
pair,?:?,:*$?,,True,$:$,a:a
pair,,b:,,True,,
pair,$:?*a,?a,,True,$:$a,$:aa
pair,?ab,$$a*,,True,$ab,aab
pair,$b?*$,:$a:?,,True,$b$$,$ba$
pair,,a,,True,,
pair,aaa,a$,,True,aaa,aaa
pair,a,,,True,a,a
pair,b??a?,a*:,,True,b$$a$,baaaa
pair,a$*a,$:?,,True,a$a,a$a
pair,?a,?**,,True,,
pair,a,*:b,,True,a,a
pair,,ab::,,True,,
pair,*:,$,,True,:,:
pair,a?*a*,a:***,,True,aaa,aaa
pair,?b*,::$b,,True,$b,ab
pair,a?b*?,??,,True,a:b:,aaba
pair,*bb,a*$$?,,True,bb,bb
pair,b:b,?$?:a,,True,b:b,b:b
pair,*ab*$,:***,,True,ab$,ab$
pair,baaa,bbba?,,True,baaa,baaa
pair,**:,$,,True,:,:
pair,,$,,True,,
pair,a**bb,?$,,True,abb,abb
pair,?$?*,aaaa*,,True,$$$,a$a
pair,:$*a,bab,,True,:$a,:$a
pair,?,:$*,,True,$,a
pair,,bb?$?,,True,,
pair,*?bb$,$?a$,,True,$bb$,abb$
pair,aa,?,,True,aa,aa
pair,ba$,**ab:,,True,ba$,ba$
pair,?$?,?b$,,True,$$$,a$a
pair,$,*$*:$,,True,$,$
pair,?$:a$,ba$,,True,$$:a$,a$:a$
pair,?b,a*,,True,:b,bb
pair,$a:$*,aaa,,True,$a:$,$a:$
pair,,*a?*b,,True,,
pair,b$b?:,?$a*,,True,b$b$:,b$ba:
pair,*:b,$*ab,,True,:b,:b
pair,:a$*,*b:b,,True,:a$,:a$
pair,:b?,,,True,:b:,:ba
pair,:$:b,?b*,,True,:$:b,:$:b
pair,,a$b,,True,,
pair,bb*b,a,,True,bbb,bbb
pair,:$,$:$,,True,:$,:$
pair,b,,,True,b,b
pair,::$:,::?*,,True,,
pair,*??:*,$a,,True,$$:,aa:
pair,:,*:,,True,,
pair,b*b,b,,True,bb,bb
pair,*a?:,?b$,,True,a$:,aa:
pair,,::,,True,,
pair,ab?,?,,True,ab:,aba
pair,$aa?,*$b,,True,$aa$,$aaa
pair,aa*,*a*,,True,,
pair,$:ba*,??$ab,,True,$:ba,$:ba
pair,:*:?,b,,True,:::,::a
pair,:,$,,True,:,:
pair,b,baa$,,True,b,b
pair,b$?*,*b::,,True,b$$,b$a
pair,a*,*a,,True,ab,ab
pair,?a,?ab:,,True,$a,aa
pair,*b,:,,True,b,b
pair,*?,:,,True,a,a
pair,a$,ab,,True,a$,a$
pair,$$,,,True,$$,$$
pair,*b,*b?:,,True,b,b
pair,*$?b,b?a,,True,$$b,$ab
pair,*$b,,,True,$b,$b
pair,?$$$,?$$,,True,$$$$,a$$$
pair,a,$ab*$,,True,a,a
pair,?,:a??a,,True,:,a
pair,,,,True,,
pair,$,a?b,,True,$,$
pair,?,,,True,a,a
pair,,,,True,,
pair,,$aa,,True,,
pair,*:b,,,True,:b,:b
pair,a*,*$a?b,,True,a,a
pair,a?,???$b,,True,a$,aa
pair,,$a$,,True,,
pair,$a*,ab:a,,True,$a,$a
pair,$*a*,a*?,,True,$a,$a
pair,a,:b$,,True,a,a
pair,b$b,a*,,True,b$b,b$b
pair,b,:*:,,True,b,b
pair,a*,?a,,True,a,a
pair,:,?:,,True,:,:
pair,*a$$$,,,True,a$$$,a$$$
pair,b$a*b,a**,,True,b$ab,b$ab
pair,*$:,$$:?a,,True,$:,$:
pair,$a,*$,,True,$a,$a
pair,?b,,,True,ab,ab
pair,ab,*:?::,,True,ab,ab
pair,:,,,True,:,:
pair,**bb?,**ba,,True,bb:,bbb
pair,a??$*,ba$,,True,a$$$,aaa$
pair,a:$,b,,True,a:$,a:$
pair,,a?a$,,True,,
pair,,*$***,,True,,
pair,aa?a$,,,True,aa$a$,aaaa$
pair,a:**$,b,,True,a:$,a:$
pair,?*b,?,,True,ab,ab
pair,$,$a,,True,$,$
pair,b,,,True,b,b
pair,$$$,?:ba,,True,$$$,$$$
pair,b,b,,True,,
pair,?$,$*,,True,a$,a$
pair,?ab?:,**?b,,True,$ab$:,aaba:
pair,bb*,ba?:,,True,bb,bb
pair,??bb,b?,,True,aabb,aabb
pair,b,a:*,,True,b,b
pair,?,$?*,,True,$,a
pair,$b$:,$$:?b,,True,$b$:,$b$:
pair,b?b,aaaa,,True,b:b,bab
pair,$,,,True,$,$
pair,*?:*,$*?b?,,True,$:,a:
pair,$,ab,,True,$,$
pair,aa$a,,,True,aa$a,aa$a
pair,::,?b,,True,::,::
pair,?**?b,ba*b,,True,::b,aab
pair,::abb,?:*,,True,,
pair,a,?*,,True,,
pair,?,:,,True,a,a
pair,?aab,$,,True,$aab,aaab
pair,,,,True,,
pair,$*,b*,,True,$,$
pair,$a,$$a$,,True,$a,$a
pair,a,,,True,a,a
pair,aa:a*,:a?,,True,aa:a,aa:a
pair,,$,,True,,
pair,**a:?,$,,True,a:$,a:a
pair,?a?$:,*a*,,True,,
pair,aaa:*,$a?,,True,aaa:,aaa:
pair,,b*,,True,,
pair,,*$,,True,,
pair,,b$b::,,True,,
pair,a:a,$$?,,True,a:a,a:a
pair,ba,:a,,True,ba,ba
pair,*a,:*bba,,True,a,a
pair,a$?,ab?:$,,True,a$$,a$a
pair,?*,:**?,,True,:,a
pair,,b,,True,,
pair,$:*,a,,True,$:,$:
pair,,a:a,,True,,
pair,*:$,?,,True,:$,:$
pair,?b?,:a*,,True,$b$,aba
pair,?,:a,,True,:,a
pair,,$:?a,,True,,
pair,aa$*a,:aa$$,,True,aa$a,aa$a
pair,b,,,True,b,b
pair,?$b,:b,,True,$$b,a$b
pair,?a$,*aa*,,True,$a$,ba$
pair,?:$,*:$ab,,True,$:$,a:$
pair,,$,,True,,
pair,$b:*b,?,,True,$b:b,$b:b
pair,:b$,,,True,:b$,:b$
pair,,b:$,,True,,
pair,??$*?,?b*$,,True,$$$$,aa$a
pair,$*,*?,,True,,
pair,??,$,,True,$$,aa
pair,?*,**bb*,,True,a,a
pair,,aa:$,,True,,
pair,a$a,,,True,a$a,a$a
pair,:,?a*,,True,:,:
pair,bb:,*ab$:,,True,bb:,bb:
pair,?a:,bb:,,True,$a:,aa:
pair,,,,True,,
pair,:$?$a,,,True,:$$$a,:$a$a
pair,b$*,b$*b,,True,b$,b$
pair,:b*ba,:?:*?,,True,:bba,:bba
pair,$:$?,a*a,,True,$:$$,$:$a
pair,a$*,?,,True,a$,a$
pair,??,,,True,aa,aa
pair,$a,**a$,,True,$a,$a
pair,,:*,,True,,
pair,,b***b,,True,,
pair,ba$aa,a*,,True,ba$aa,ba$aa
pair,**:,*$$$,,True,:,:
pair,?ba*,:*,,True,$ba,aba
pair,?$,*:*?b,,True,$$,a$
pair,:?,$,,True,:$,:a
pair,:,*:b,,True,:,:
pair,,a,,True,,
pair,,,,True,,
pair,*$$?,:$$b$,,True,$$$,$$a
pair,:,,,True,:,:
pair,,b,,True,,
pair,ab***,a?*$,,True,ab,ab
pair,,$aba,,True,,
pair,?:b,*:b,,True,,
pair,:?:$a,b:*?,,True,:$:$a,:a:$a
pair,,?$,,True,,
pair,?aa,,,True,aaa,aaa
pair,?$a$b,*a?$,,True,$$a$b,a$a$b
pair,ba$*,,,True,ba$,ba$
pair,baba,,,True,baba,baba
pair,ba*,*a,,True,ba:,bab
pair,$a*,,,True,$a,$a
pair,::,,,True,::,::
pair,$$?,:b?,,True,$$$,$$a
pair,*:ab,*b*$,,True,:ab,:ab
pair,b$,*$,,True,,
pair,:$,*b?,,True,:$,:$
pair,???ab,:,,True,$$$ab,aaaab
pair,??,ab,,True,::,aa
pair,$ab*?,?,,True,$ab$,$aba
pair,:b**?,?:b:,,True,:b:,:ba
pair,$$$,b?aa,,True,$$$,$$$
pair,,*bb$a,,True,,
pair,?aa*,,,True,aaa,aaa
pair,$b,b**b$,,True,$b,$b
pair,$,*a$$,,True,$,$
pair,,,,True,,
pair,$,,,True,$,$
pair,a,?:a:*,,True,a,a
pair,?:?,a?:,,True,:::,a:a
pair,a,,,True,a,a
pair,:a,a$b:,,True,:a,:a
pair,,ba,,True,,
pair,$$b$,:,,True,$$b$,$$b$
pair,$b,$???$,,True,$b,$b
pair,b,?*b,,True,b,b
pair,ab?,?*,,True,,
pair,,*a:b*,,True,,
pair,?,?b::$,,True,$,a
pair,:?*?,bab,,True,:$$,:aa
pair,$,b:$a*,,True,$,$
pair,?,a*$,,True,$,a
pair,ba?:,*::,,True,ba$:,baa:
pair,?:,?*$b,,True,$:,a:
pair,$,,,True,$,$
pair,,a,,True,,
pair,:$:bb,a,,True,:$:bb,:$:bb
pair,,a?*,,True,,
pair,$abab,*b$,,True,$abab,$abab
pair,?,*?:**,,True,:,a
pair,*::b,,,True,::b,::b
pair,*:b,:*a,,True,:b,:b
pair,*$a?,$aa,,True,$a$,$ab
pair,$:a*,:,,True,$:a,$:a
pair,::,$a,,True,::,::
pair,$ab,*:b,,True,$ab,$ab
pair,$b*,:,,True,$b,$b
pair,:,,,True,:,:
pair,:,?b,,True,:,:
pair,$,,,True,$,$
pair,?:**,:b,,True,::,a:
pair,,*a$,,True,,
pair,b,?:$*,,True,b,b
pair,,:$a*,,True,,
triple,,,a*,True,,
triple,?$,?,b*:,True,,
triple,$*$?,a?b,a*$a:,True,,
triple,,?*ab?,?b$,True,,
triple,?b,:$,b?,True,,
triple,:ab*:,:b*?:,a?b,True,,
triple,:b*bb,a:,:*?$,True,,
triple,ba?*$,?$,,True,,
triple,:b?:*,?$$:?,?*::b,True,,
triple,,$:*,?$,True,,
triple,::$a:,$:*a,ab,True,,
triple,bb:,*a,$a:ab,True,,
triple,,*b,a,True,,
triple,?,:a,$b?a*,True,,
triple,ab?*b,bb:b,*:,True,,
triple,?a?a,*bb?,a?b,True,,
triple,$*,,*?,True,,
triple,?:?,$,ba,True,,
triple,:a*b,?*?,b$*a*,True,:ab,:ab
triple,?b::,a,*a,True,,
triple,a,,,True,,
triple,?:?,?:,:$b?,True,,
triple,?a,,a*a:*,True,,
triple,,$,,True,,
triple,b$$,b:,b**b*,True,,
triple,,:**:,,True,,
triple,:?*$a,a:,a,True,,
triple,b$,,$b*,True,,
triple,:$,*:aa?,ba,True,,
triple,*$,a$a,,True,,
triple,,*?*ba,$a$:?,True,,
triple,bb::a,??*:*,?:a?:,True,bb::a,bb::a
triple,:,a*,$ab*b,True,,
triple,:,,b*,True,,
triple,bb$a:,,??:,True,,
triple,,:,a*,True,,
triple,$a$b$,:?*?:,a?b,True,,
triple,aa,,::,True,,
triple,*$?*,*a$,:$?,True,$a$,$a$
triple,$aa,::a?,?:$,True,,
triple,::a,,,True,,
triple,?$:,:a*,,True,,
triple,ba,*:b,?*$$,True,,
triple,:b$,,b*a:,True,,
triple,bbbbb,$bb?$,,True,,
triple,a:a:,?$,aa,True,,
triple,b**a,,$?,True,,
triple,b*ba,*?,a:b:?,True,bba,bba
triple,?::$?,a?b*,:bb:?,True,,
triple,?a:*:,ab,aab$b,True,,
triple,b*?,,?,True,,
triple,?$,$,$?b*?,True,,
triple,$b:,,:$:*$,True,,
triple,$,,,True,,
triple,?,?$?*,?,True,,
triple,*?*a,a,a?:$,True,,
triple,ab**a,b$a,b$,True,,
triple,$*a*a,a$b$,**b?,True,,
triple,$bb,,*$?$b,True,,
triple,,?,?*,True,,
triple,$,b*,a?b,True,,
triple,bb$,b,:?,True,,
triple,aa,a::,,True,,
triple,,$?a,?,True,,
triple,*$$b,a,??,True,,
triple,ba:$b,?b*,:$?$,True,,
triple,,*b?,a?$b:,True,,
triple,?:$?,,$?:,True,,
triple,?b$$*,,a?,True,,
triple,?*b,,$,True,,
triple,a*$,b:ba:,b$$:a,True,,
triple,,a,?a?a,True,,
triple,a,a?b,,True,,
triple,b??,,b$,True,,
triple,$:a?,a$,aaa,True,,
triple,?,??b?a,,True,,
triple,*ba**,,*$$,True,,
triple,a,*?*$?,b:a,True,,
triple,:a?a?,,bb:$a,True,,
triple,,$,ba:,True,,
triple,b$,?:$b,::b,True,,
triple,:$:,$:??,,True,,
triple,*$?:,*:b,b,True,,
triple,*?,$bbb,,True,$bbb,$bbb
triple,$b$:,aa,a:*?a,True,,
triple,???b,,?$,True,,
triple,:a$b$,$??,,True,,
triple,,aa,a:*$,True,,
triple,$?*,?***,a$$$b,True,$$,$a
triple,a?b,?:,b$,True,,
triple,a,?*,,True,a,a
triple,,?ab$?,$:?,True,,
triple,,,?b,True,,
triple,:?*a:,,:?a:b,True,,
triple,$?,*$,aa:b*,True,$$,$$
triple,b*,:?a,:?$*,True,,
triple,$b,a,*$:*b,True,,
triple,:$$?:,:b*?,,True,,
triple,:?a,$$$**,,True,,
triple,?$?,:$*:,b:$$,True,:$:,:$:
triple,:$,,a$$**,True,,
triple,?*,b**,$?ba,True,b,b
triple,*b?:,,,True,,
triple,b,a$b$,a,True,,
triple,$:**b,b:b,b:**?,True,,
triple,$?:*,:a:?b,,True,,
triple,ba,b,**$,True,,
triple,,,?bb,True,,
triple,a$$?,:aa,b:$,True,,
triple,*ab,,ba:?$,True,,
triple,?:a*$,$*,*a?::,True,$:a$,$:a$
triple,??*,$:a,:aaa,True,$:a,$:a
triple,?b?$,::$ba,$:,True,,
triple,*$,a,$,True,,
triple,*$,$:b??,:?ab?,True,$:b$$,$:ba$
triple,?ab:,a:$b,*?bab,True,,
triple,,*$aaa,:$$,True,,
triple,,a:,??,True,,
triple,?a*a:,?,?$,True,,
triple,a*?$,b$a,b$:*,True,,
triple,,*?bba,?,True,,
triple,?,*?::,??:,True,,
triple,b$:$,$:,,True,,
triple,:a?,$,bba,True,,
triple,b$,a*?b:,,True,,
triple,bba,,$ab?,True,,
triple,,:a,?$,True,,
triple,aa$,,???,True,,
triple,,:$b,?*b,True,,
triple,a,b:*?,b,True,,
triple,:$*?,*:$*,,True,:$$,:$a
triple,*$??,?::$,a*,True,,
triple,$bba,??b?,a?:**,True,$bba,$bba
triple,b*b,$b,$b,True,,
triple,a,,a?*?,True,,
triple,?*:$,$,:*,True,,
triple,,$?,:bb:?,True,,
triple,,a??:,b$$,True,,
triple,b??b,b$??a,b?,True,,
triple,$a$?,$**b:,*b,True,,
triple,,*:,$:b?,True,,
triple,:,,?,True,,
triple,a,:b$:?,,True,,
triple,,a*,ba*?b,True,,
triple,a*,:?:?*,,True,,
triple,,:,,True,,
triple,?,*b,,True,b,b
triple,a?a?:,:a,,True,,
triple,,*:,a,True,,
triple,:,:?b?:,,True,,
triple,:b:,?,a:??:,True,,
triple,$ab:$,$?:,:*a,True,,
triple,,a:a,ba*a,True,,
triple,:?:,aba,$*,True,,
triple,,ba?,*?,True,,
triple,:,*$::,b?$b,True,,
triple,a:??,$a*,?ab,True,,
triple,$:*,*:b,?:a$,True,$:b,$:b
triple,aab,:,a$*$a,True,,
triple,?,?*b,a*,True,,
triple,$aa$,?a$,$,True,,
triple,a,?:$::,$a:*,True,,
triple,?,ab,b*bb,True,,
triple,,a*,*:b,True,,
triple,bb,*?:a*,??,True,,
triple,,b:,a*?,True,,
triple,aa,$?,$:,True,,
triple,:a$$,:?*aa,?b:?,True,,
triple,,aa?a,?a?b$,True,,
triple,?*$b,?*,*$,True,$$b,a$b
triple,:?,$,$*a:,True,,
triple,:*?*,bb,ab**?,True,,
triple,?,b:,aa:$b,True,,
triple,?:b,,?**:,True,,
triple,a*?$,:,,True,,
triple,?ba,,*?a?b,True,,
triple,?b$?:,?,::?::,True,,
triple,b??b,??$:?,ab,True,,
triple,*a,ba$::,?,True,,
triple,a?b,?*:a,ba*$,True,,
triple,*?$,:$a,,True,,
triple,*$:?,?$***,$a?,True,$$:$,a$:a
triple,$:*:,$aa*b,b,True,,
triple,*$,$ba,:::$*,True,,
triple,$a$:$,?aba?,$b*,True,,
triple,,$$?*a,**b*a,True,,
triple,a$?a*,?:b$,,True,,
triple,:,aa,b,True,,
triple,,??*,,True,,
triple,b*$b,$:$,b:,True,,
triple,babaa,$***,a$,True,,
triple,,ba:a:,$bb,True,,
triple,,,b$aa?,True,,
triple,$**a,b**::,,True,,
triple,**b$b,,?$$:b,True,,
triple,??:,$?*$:,::b,True,,
triple,?$:,$,:ba?,True,,
triple,b,b$,b,True,,
triple,::$,,?b*,True,,
triple,?*,,?a?aa,True,,
triple,:::*,,b:,True,,
triple,?*a,,b,True,,
triple,?a,,*a*?b,True,,
triple,b?:?*,,$,True,,
triple,bb**:,$*???,$$*,True,,
triple,$*ba,?,,True,,
triple,:,a,*$,True,,
triple,a:b$$,ba,ab:b?,True,,
triple,*??,a*a,a:*a,True,aa,aa
triple,,?,b$:b,True,,
triple,ab$b*,,,True,,
triple,:?*,?a,:,True,:a,:a
triple,*$,?ab,b?a*,True,,
triple,bb,??,?$,True,bb,bb
triple,b:,$?,b?,True,,
triple,,a?,?b:,True,,
triple,a?b,$$b,ab$aa,True,,
triple,ba,:b**,:a,True,,
triple,??,*?:*,bbbaa,True,$:,a:
triple,b$ba*,?b?:,:**$:,True,,
triple,$,a:,,True,,
triple,,?,:,True,,
triple,a??:,??b*a,a*:b,True,,
triple,:,:*a$,a,True,,
triple,:*,?$,?*b?:,True,:$,:$
triple,,ba$,$??a,True,,
triple,$,,?a::b,True,,
triple,aa,bb*?b,b,True,,
triple,b:,?:$?:,a?b,True,,
triple,a?b,$:,?b:??,True,,
triple,a,:,,True,,
triple,aa?$a,?*,,True,aa$$a,aaa$a
triple,$a$b,b$?$,*$:$:,True,,
triple,baa,**?,,True,baa,baa
triple,b:,?$:,*a?,True,,
triple,$b?a,,$*,True,,
triple,b,?$a,?*,True,,
triple,:*a,a,:?$b?,True,,
triple,?$,:$*?,??*?,True,,
triple,*a?,b,?a,True,,
triple,?:,,$*b$?,True,,
triple,?,a??$?,,True,,
triple,a$?bb,ab,ba:,True,,
triple,aa?,*b$*?,ab*,True,,
triple,?*?b,bb,aa:a*,True,,
triple,a,$?$:b,*:,True,,
triple,:*,*:$a,a:,True,:$a,:$a
triple,$,a,?,True,,
triple,aa,??b?*,,True,,
triple,a$,:,??:*:,True,,
triple,?$:,,bab$,True,,
triple,a,?$,?,True,,
triple,,a,:a?,True,,
triple,,,,True,,
triple,,b,:?,True,,
triple,?*$?,$a?b,,True,$a$b,$a$b
triple,:,$$,*$,True,,
triple,:??,*?,:abb:,True,:$$,:aa
triple,b*b*,b$b*:,*a,True,b$b:,b$b:
triple,?$,,:$,True,,
triple,a?,a,aaa,True,,
triple,a,:,?$,True,,
triple,:a,a:,a*,True,,
triple,:$a,:?,$:,True,,
triple,,a*,*a?b,True,,
triple,:*$,,??,True,,
triple,,bab,:,True,,
triple,,*?,,True,,
triple,$*,*baa,a,True,$baa,$baa
triple,b:ab*,$:b*,b?,True,,
triple,?*b:?,,b,True,,
triple,*ab,,:a:,True,,
triple,$?$a,$$::?,?,True,,
triple,$b:$,,:b,True,,
triple,?$,:,a:$$:,True,,
triple,$,$a,:,True,,
triple,b?*bb,$,*b$,True,,
triple,$*:$,?$a*,$:,True,$$a:$,$$a:$
triple,$*,a:,::b,True,,
triple,*$,*$:a?,,True,$:a$,$:a$
triple,:?$a?,b*?*,,True,,
triple,:*a,:?:,a$,True,,
triple,a,b:b$a,ab,True,,
triple,::**:,*b??$,bb?*,True,,
triple,a*baa,b*,$?b$,True,,
triple,,,:::$?,True,,
triple,,:,,True,,
triple,a,*:b,:$??,True,,
triple,*?a$,$a:,?a:a,True,,
triple,,,?*:,True,,
triple,$:**,$a,,True,,
triple,::bb?,:?a?,b,True,,
triple,*ab,a:$:,,True,,
triple,,a*,b*:,True,,
triple,$b$,?$,b?a,True,,
triple,:??b,b,,True,,
triple,b:*ab,?:b,,True,,
triple,,?$,:,True,,
triple,ab,:,**$:,True,,
triple,$:,b:,aa$,True,,
triple,,b$,?,True,,
triple,,*b?*$,a?$:,True,,
triple,,b:*,a?,True,,
triple,?:,$,a?$$,True,,
triple,?:*,bb,:b$:$,True,,
triple,$$?,,a:$,True,,
triple,$a*,**::,?a*b:,True,$a::,$a::
triple,$b$a,b??,:*?b,True,,
triple,b:,,a*a?,True,,
triple,,b??,:::ba,True,,
triple,,::,:$,True,,
triple,,$,?b,True,,
triple,??a$,a?b,*ab,True,,
triple,?,b?,a*,True,,
triple,$??,*::*?,a$$,True,,
triple,ba,*b$,:b*$*,True,,
triple,$$,,,True,,
triple,b?,:b?,ab*,True,,
triple,**?,,*$,True,,
triple,,*:b,?b,True,,
triple,**:,????,:,True,::::,aaa:
triple,**::,$,:,True,,
triple,::a,,$a:,True,,
triple,$,,,True,,
triple,,$**b$,:,True,,
triple,?$,:b$,b**a,True,,
triple,*:$$b,b,a,True,,
triple,$$*?$,:??,ba,True,,
triple,b?ba,a$:?b,b,True,,
triple,a*,b,?b,True,,
triple,***aa,$,b:b,True,,
triple,,ab:a?,?a,True,,
triple,a*bb,b::$,$?,True,,
triple,a:,,b:::,True,,
triple,b,$:?*,:*$,True,,
triple,aa?b:,a:*,?a,True,,
triple,a*?b,,:,True,,
triple,?,,b$ba$,True,,
triple,?a$$,?:bb,,True,,
triple,aba,,,True,,
triple,b:*,b?$,ab:a$,True,b:$,b:$
triple,*?,a$,,True,a$,a$
triple,a:,*:,:ba,True,a:,a:
triple,:$,$???,$:b*,True,,
triple,bb:$b,$b?b,?,True,,
triple,$,?,b,True,$,$
triple,$b*$?,,,True,,
triple,a$:b:,**b$*,$:?**,True,,
triple,,ab,$$?*,True,,
triple,?$a$,:a:$*,:a,True,,
triple,$aaa,?*,$*:??,True,$aaa,$aaa
triple,bb?ab,:ba?,b$?:?,True,,
triple,,$b$:?,a$,True,,
triple,a?b,$,$a:,True,,
triple,?$,:b,$$$*b,True,,
triple,a:,*ba$,*:b,True,,
triple,?b,*b,a*,True,:b,bb
triple,a,?,a:b:b,True,a,a
triple,b,a::a,b,True,,
triple,?,a?b,?*,True,,
triple,a,$b*,:?,True,,
triple,?,:,,True,:,:
triple,a?,bbb$,bbb$:,True,,
triple,,b,$,True,,
triple,$bb:$,$?,:a:,True,,
triple,*::::,bb*$,$$,True,,
triple,**:,*aa$b,?*$?,True,,
triple,a*:b,?$,$,True,,
triple,a*:,*:,abb,True,a:,a:
triple,$?,*:b,$$$$,True,,
triple,b:$:*,*$b,?:aba,True,b:$:$b,
triple,:$?b*,b$b*,$ba:,True,,
triple,:,:bb,*:a,True,,
triple,$$,:*:,a*,True,,
triple,abb*$,*$bb:,a,True,,
triple,,?,$:$?,True,,
triple,?a,,a,True,,
triple,*??,a**,?:a*,True,a:,aa
triple,*a,a*,a,True,aa,aa
triple,:**b,,ab:*a,True,,
triple,?,$b??,::bb,True,,
triple,b*?:,,aa,True,,
triple,?,b$:b$,??:$*,True,,
triple,?b,:?$:b,?,True,,
triple,a$,*ba,b$??b,True,,
triple,bbba,$,b$:,True,,
triple,b$,*:,bb?:,True,,
triple,:b$??,a$b::,b:*a,True,,
triple,,?b:a:,ba,True,,
triple,??$a,,a?:?a,True,,
triple,*$a*,a,$aaa?,True,,
triple,::ba$,a*,ab,True,,
triple,?$,$?,,True,$$,$$
triple,b:,,?,True,,
triple,,?,b?,True,,
triple,:bb?,b,b$*b,True,,
triple,?*a,,bb::,True,,
triple,*:b,aba?,::a:,True,,
triple,$$a,,??ba,True,,
triple,:$,aa,ba:**,True,,
triple,b:a,?*,,True,b:a,b:a
triple,*a?,a,$a,True,,
triple,,,:$,True,,
triple,b?$?,*a,a:b,True,b$$a,ba$a
triple,$b::b,a,a?b,True,,
triple,$*,$a$$$,a,True,$a$$$,$a$$$
triple,a*,?,b*b,True,a,a
triple,,*:b,,True,,
triple,a?::a,?a,$:,True,,
triple,,a,a$?a?,True,,
triple,?,?a,b:$,True,,
triple,b*,b,,True,b,b
triple,a$??,a?ab,:*,True,a$ab,a$ab
triple,bab:,$$:$?,:a?,True,,
triple,$b,?,,True,,
triple,a?ba,$$$,a*,True,,
triple,:,,$b,True,,
triple,aab,*a,?$*,True,,
triple,:aa*,,$,True,,
triple,a,$?,a?,True,,
triple,,?a$$,,True,,
triple,aa,b:,,True,,
triple,$b,,*ab*,True,,
triple,:b:??,*:a,**b,True,:b::a,:b::a
triple,*bba,*?*b,*b,True,,
triple,a$?b,?$,*?,True,,
triple,*$,:b,$?bb,True,,
triple,bbb$$,?$a,a**??,True,,
triple,?$,$,:*a*$,True,,
triple,$$$a,*ab:,a:b,True,,
triple,ab$,aa,b,True,,
triple,ab?$$,b$*$$,ab$,True,,
triple,,,b,True,,
triple,ab:$,a:b,ba?,True,,
triple,*a?*?,,?$,True,,
triple,ba:?,?,a*,True,,
triple,,,?:a,True,,
triple,?$,a:$*a,a$,True,,
triple,a,$ba?b,$a$$?,True,,
triple,,,*:*,True,,
triple,aa,$$:,:*$,True,,
triple,?b??,,,True,,
triple,*$$b,,?,True,,
triple,:?b$,*$*,a,True,:$b$,:ab$
triple,ab,:*?b?,:a,True,,
triple,,a?:$,,True,,
triple,bab,?$aa$,:,True,,
triple,b*a,,a?a,True,,
triple,a,a:::b,?*?,True,,
triple,$$,$$b:*,a,True,,
triple,a:aaa,$$a,,True,,
triple,,,*b$,True,,
triple,?*:,ba*,a::,True,ba:,ba:
triple,b**$?,b,?a,True,,
triple,b$*aa,bb,?aba*,True,,
triple,,bb:,$,True,,
triple,b,ba,a$?,True,,
triple,,b?:b,*b$,True,,
triple,:,,ab?:,True,,
triple,?b,$aa,,True,,
triple,$::,$,$$b$,True,,
triple,:*,?aab$,,True,:aab$,:aab$
triple,a*$*?,:?,:$,True,,
triple,,b,?$a,True,,
triple,b,?,$:*,True,b,b
triple,b,?b?::,?*,True,,
triple,a,a*,*aa$,True,a,a
triple,b*b$*,,,True,,
triple,$,a$$,::,True,,
triple,,a?,,True,,
triple,::,?ba$,$a:*:,True,,
triple,:a$*,?*$a,$?,True,:a$a,:a$a
triple,*$$:b,??ab,?$?b,True,,
triple,aba:a,ba*a,*$?:,True,,
triple,:?$$?,**?a,a$,True,:$$$a,:a$$a
triple,$:ab,a$:,,True,,
triple,*a*,$*:?,,True,$:a,$:a
triple,b:??,:aa?,*??*?,True,,
triple,$$a,,b:**,True,,
triple,:b*,,,True,,
triple,*a,,b*a,True,,
triple,a$?,b*,?,True,,
triple,b,:bb,,True,,
triple,::,a*?*$,$,True,,
triple,$a*,$a:,b*,True,$a:,$a:
triple,,?*,*:b,True,,
triple,a,*::a,b:,True,,
triple,,$*a?,?:?b*,True,,
triple,a$$,b,?b??:,True,,
triple,:,,:::,True,,
triple,a,b,*$:*?,True,,
triple,?$b,?b$$b,$?a$:,True,,
triple,?:?:*,*:,b:a?$,True,$:$:,a:a:
triple,bb**b,$b::a,,True,,
triple,,:a,b$?*,True,,
triple,?,*$?,a:a,True,,
triple,b:$:,b:,*:$?,True,,
triple,a:a,$$?a?,a?b,True,,
triple,?,::b*,,True,,
triple,$*,?$b?,ab,True,$$b$,$$ba
triple,,,*:b,True,,
triple,*:b,*:,?*?,True,,
triple,b:*b$,:,,True,,
triple,ab,*a*,aa:b?,True,ab,ab
triple,*:,:,*:$,True,:,:
triple,$,$a,?:,True,,
triple,,*:*,:b,True,,
triple,$aba,?,*:?,True,,
triple,$*b::,,a,True,,
triple,a*b,?:,b?,True,,
triple,,?,,True,,
triple,,$,ab*?,True,,
triple,?,::$,a*:a,True,,
triple,:a,?$?,*?,True,,
triple,aa?**,,,True,,
triple,*:b,,?*?,True,,
triple,a$a,$*$:$,b**,True,,
triple,*$,b?,:,True,b$,b$
triple,ba,b*?*?,:??,True,,
triple,,a,?b*$$,True,,
triple,$,?bbab,$b,True,,
triple,ab,$?:,,True,,
triple,?$:,*:b,**bb,True,,
triple,b$,a?b,$b,True,,
triple,?$$**,$b,a?ba?,True,,
triple,b$,$:,,True,,
triple,b?:a:,*$aab,::a$$,True,,
triple,::b,b?,a,True,,
triple,b**,bab,::ba,True,bab,bab
triple,,,a?b,True,,
triple,,b$$,,True,,
triple,,??,b,True,,
triple,a?*$*,a**:?,$:a*?,True,a:$,a:$
triple,?b$:,,$??b,True,,
triple,:b*,aa$,b,True,,
triple,b??$,aa??,:,True,,
triple,,abbb?,aa:b?,True,,
triple,,a?,baa?a,True,,
triple,?:,$**b?,:?b,True,,
triple,b?,,*b:,True,,
triple,?:::a,$,:,True,,
triple,:::a,$b$,*:,True,,
triple,bbba,aba::,??:*,True,,
triple,,??:?*,a:$,True,,
triple,a::a,b,:b,True,,
triple,ba:?:,,a,True,,
triple,b?:?a,*b$$$,*::b,True,,
triple,b,**?a$,b$b??,True,,
triple,a:b*,b:,??,True,,
triple,,aa*:,a:,True,,
triple,*?$$,,?:b,True,,
triple,:b$$,?*,*b$,True,:b$$,:b$$
triple,::,ab?,,True,,
triple,$,???a,aba,True,,
triple,a?b*,*?::,:$$a,True,a$b::,aab::
triple,a:,?*$:a,?,True,,
triple,b**,**?,:,True,b,b
triple,?*a:$,b$,??b::,True,,
triple,,$::,*a*?$,True,,
triple,$a$$:,:a$b:,*:b,True,,
triple,:?a,**a,$b,True,:$a,:aa
triple,aa,$,b,True,,
triple,:,a?,?b*b*,True,,
triple,:,:,,True,:,:
triple,$$$,a:$b:,::,True,,
triple,$,?,a*$b,True,$,$
triple,?*?,b,:a$*,True,,
triple,b*?$b,*b,*:b,True,b$$b,ba$b
triple,$?b$,*?,?*,True,,
triple,*?*b*,*:,a$?b,True,$b:,ab:
triple,:ba??,$?b,*a::,True,,
triple,??:$b,,?,True,,
triple,,b$:a?,*$a,True,,
triple,b?,a*,*b?a?,True,,
triple,,:$*,:a,True,,
triple,$b*?$,*:$,a$*a,True,$b:$,$b:$
triple,$$,**b?,a?:?,True,,
triple,$:,,aab*?,True,,
triple,?:$,,,True,,
triple,:ab,:bb$b,,True,,
triple,*b,:,*a?,True,,
triple,b*?b,*a$?,$:?,True,ba$b,ba$b
triple,**bb?,*aa,,True,,
triple,b,?***:,?$:,True,,
triple,aa:?,$,aa*$,True,,
triple,a,,,True,,
triple,,b?:ab,$??a,True,,
triple,?,?$,$b$:,True,,
triple,$,,??*b,True,,
triple,,:b*bb,??ab,True,,
triple,,$:bb,*$$,True,,
triple,:b**a,ba,*?*,True,,
triple,?:*:?,b,*:b,True,,
triple,?b$,?*baa,a,True,,
triple,?:?,,,True,,
triple,baa,a?b,a*?,True,,
triple,,,,True,,
triple,?:,,a*?,True,,
triple,?a:b,?$:?,?:,True,,
triple,b:a:,a??a,$,True,,
triple,bab*,a:,:*::a,True,,
triple,?a,:,:ab:,True,,
triple,,$,ab?*,True,,
triple,,aa$*a,?,True,,
triple,$*$,*$?,a$ab,True,$$,$$
triple,?$,a,*:b,True,,
triple,$,,b,True,,
triple,:b:$,aab,?:?$?,True,,
triple,$b,a:*$,,True,,
triple,a*?aa,b:a,bb,True,,
triple,aaa?,,,True,,
triple,a?b,a*?aa,:aa,True,,
triple,:$ab,a,aa:**,True,,
triple,b,??aa?,?*?bb,True,,
triple,,,?a:a?,True,,
triple,*$??,b?$*,b:a,True,b$$$,b$$a
triple,,,b,True,,
triple,a:a:?,a$,*bb?,True,,
triple,$$a?,,a*,True,,
triple,*ba?,,$a$*,True,,
triple,?**b,$a$a,b:a$,True,,
triple,b??a$,b:$$$,a,True,,
triple,$*a,,,True,,
triple,:?,,*$ba,True,,
triple,?:,?b***,**:b?,True,,
triple,$a*a,*a$$,a:a,True,,
triple,abb,a?$,?,True,,
triple,,aa?*$,a$:$,True,,
triple,??b*?,*aaa:,?b$,True,$$baaa:,
triple,a*::$,:?,:?b,True,,
triple,?$??$,bb?,?:,True,,
triple,,??,,True,,
triple,:,a?,*:,True,,
triple,?$,,a,True,,
triple,aba$,a?a,aa:,True,,
triple,?,,a*,True,,
triple,*$aa,::a?,$aa,True,,
triple,a,a?b,:*ab,True,,
triple,$$,?a*:,a*,True,,
triple,,,bba$:,True,,
triple,b,a,b,True,,
triple,b*:$$,$$,,True,,
triple,,a?b,,True,,
triple,b$*,a$:?,$??,True,,
triple,b?,,$:,True,,
triple,:??,??,a$,True,,
triple,a:a,**a:,b:,True,,
triple,b,:,,True,,
triple,b$,$:$*,,True,,
triple,,::?$,:**b*,True,,
triple,**?$,a?*,aa$:a,True,a$,a$
triple,::,$:*:$,::$,True,,
triple,a*,a*,a?b,True,a,a
triple,:*:b:,$:b*,bbb,True,,
triple,:b,:,:*b:,True,,
triple,$:?,,,True,,
triple,a*?,b?*::,ab,True,,
triple,a,$,bb,True,,
triple,b::$b,?,,True,,
triple,a**:*,,??$,True,,
triple,?:::b,,,True,,
triple,:,b,?:?,True,,
triple,aa?,b,ba**,True,,
triple,,?aa,abba,True,,
triple,b*$,::,$?,True,,
triple,$*a*,*:$,a*,True,$a:$,$a:$
triple,?b*?,$$,a$a?,True,,
triple,$a:$,,$b?a:,True,,
triple,b:*,b,,True,,
triple,?*,*a,:a:,True,a,a
triple,?a,:b$,:$?$,True,,
triple,?aa$,a,*??a:,True,,
triple,,aaabb,$b:::,True,,
triple,b:**b,?a:?*,a??$*,True,,
triple,,*:$?:,aa?b,True,,
triple,*?a?,b,b,True,,
triple,,b,bab*,True,,
triple,bbb?,?b,:,True,,
triple,*:b,$a,$*,True,,
triple,?$*ab,*b*,$:??,True,$$ab,a$ab
triple,*a,$?*$*,,True,$$$a,$a$a
triple,a*,,:,True,,
triple,*:b,,a:?,True,,
triple,,?***:,$a,True,,
triple,?:,b,,True,,
triple,,b?a,b:,True,,
triple,$?a,b$,::$a*,True,,
triple,$,?b,ba?,True,,
triple,$?a?*,:*b?*,,True,,
triple,$:$?a,a?b,a:bba,True,,
triple,?*,b*a,a,True,ba,ba
triple,**b:,*?::?,*?,True,,
triple,$$$a,ba*?:,,True,,
triple,aa*a?,?:,$b:a:,True,,
triple,?,$b,$*b,True,,
triple,:*,,:*b*b,True,,
triple,:bb,b*a:*,a$$:b,True,,
triple,a,?$a*:,$a$,True,,
triple,*:,*??*b,,True,,
triple,,ab?$,:,True,,
triple,a*:::,?**,*:b,True,a:::,a:::
triple,b,,:?$a,True,,
triple,aa:,:,$*,True,,
triple,,:bba,?*$,True,,
triple,ab*$b,,*:$,True,,
triple,*a?b,b,b:?a,True,,
triple,b,??,,True,,
triple,,,:$:,True,,
triple,b,b,,True,b,b
triple,$,$*,?*b,True,$,$
triple,a:a,b:*b?,bbb*b,True,,
triple,b*$$:,$,?*,True,,
triple,,$$$,b,True,,
triple,*?$:,?,b?$$,True,,
triple,?aa::,$?:a,b?*:,True,,
triple,?:*,b?b?,b,True,b:b:,b:ba
triple,*ba?,$?bb,:::,True,,
triple,ab:$?,b?a,a*bb,True,,
triple,*?:$,ab,a?,True,,
triple,a,$a?,$,True,,
triple,$,::,:,True,,
triple,:?,ab*,:,True,,
triple,$*?$,:?a$,a*,True,,
triple,a,?,,True,a,a
triple,aabb,a*,b,True,aabb,aabb
triple,a*,:,:?:,True,,
triple,b,*$:$?,:,True,,
triple,?,**a*b,b$,True,,
triple,,a$$:b,$?,True,,
triple,b$*$,,a*a,True,,
triple,b*ab:,*:,$::?,True,bab:,bab:
triple,a,?,a,True,,
triple,?,*$?,:,True,,
triple,b?$?,b:*,::?*$,True,b:$$,b:$a
triple,$?,b?,,True,,
triple,?:,,,True,,
triple,a?a?a,?,b$::?,True,,
triple,?,:?,$,True,,
triple,?$,b?,aaa:,True,b$,b$
triple,*$,$?:,a*:b,True,,
triple,,b?a,*$,True,,
triple,$?b:,b*?$$,:a,True,,
triple,,a?b,?,True,,
triple,*$:,:a?,b?a*,True,,
triple,?:b,?:?$$,$ab$a,True,,
triple,,,?$,True,,
triple,b,?,?$b??,True,b,b
triple,$**:a,:,?a**:,True,,
triple,$?,:,,True,,
triple,?,?*b,?a:,True,,
triple,?*,abba,,True,abba,abba
triple,:a$,,a:$:?,True,,
triple,a*?:$,*b**?,$?,True,ab:$,ab:$
triple,?*bb,:?*,a,True,:bb,:bb
triple,*:,,,True,,
triple,*$,b:b?a,*b??,True,,
triple,a,,a,True,,
triple,ba,$:b?*,a?b,True,,
triple,baa,a*,:,True,,
triple,??:$a,a?bb,,True,,
triple,$bab,b$a?,$?,True,,
triple,?,,,True,,
triple,,a*$b,ba*,True,,
triple,:a*b,*b,$$:,True,:ab,:ab
triple,b:?,$$:,,True,,
triple,b?,$ba,,True,,
triple,aa$,:*$b,$:$?,True,,
triple,aa*:b,b,*:,True,,
triple,?$*b,$:a,a$,True,,
triple,baab,b*,*:a:a,True,baab,baab
triple,b$b$,:b,?,True,,
triple,*:b:a,b$b**,,True,b$b:b:a,
triple,$a:*,,::a,True,,
triple,**:a?,?:*:$,$?:,True,,
triple,,a*,a*a*,True,,
triple,:b:,$$*$*,,True,,
triple,,::?$?,$*:*:,True,,
triple,,*a:?,$:a$$,True,,
triple,a,:*,a??,True,,
triple,*$*?,$b*,bb?::,True,$b,$b
triple,?,aa,$,True,,
triple,bb*a,,:*?**,True,,
triple,$?a,,:a:*,True,,
triple,*a,b$?,a:b*,True,b$a,b$a
triple,b,a,,True,,
triple,***?:,$?,a?b,True,$:,$:
triple,:*:$?,b$a,a*:??,True,,
triple,,aa?**,a*,True,,
triple,,:ab,ba?*,True,,
triple,?:,**$a:,bb?$,True,,
triple,:a,$$b,?$*$,True,,
triple,:a?$,b?a:,a:,True,,
triple,a,?*$,?bb,True,,
triple,:,?$,a*,True,,
triple,b$,$,,True,,
triple,?$,$*b:,$,True,,
triple,?b,:,?ba,True,,
triple,a*,$**:$,?a$,True,,
triple,b*:$,*a??,b:,True,ba:$,ba:$
triple,,b*b,a,True,,
