group,file,example,expected_safe,source,url,domain,category,fedfence_safe,correct,findings,ms
registered-public-examples,01_docs_repo_suffix_wildcard.json,docs_repo_suffix_wildcard,False,GitHub AWS OIDC documentation example,https://docs.github.com/actions/security-for-github-actions/security-hardening-your-deployments/configuring-openid-connect-in-amazon-web-services,docs.github.com,official-provider,,,,
registered-public-examples,02_discussion_repo_suffix_wildcard.json,discussion_repo_suffix_wildcard,False,aws-actions configure-aws-credentials discussion 627,https://github.com/aws-actions/configure-aws-credentials/discussions/627,github.com,public-repository-or-discussion,,,,
registered-public-examples,03_discussion_org_wildcard.json,discussion_org_wildcard,False,aws-actions configure-aws-credentials issue 1137,https://github.com/aws-actions/configure-aws-credentials/issues/1137,github.com,public-repository-or-discussion,,,,
registered-public-examples,04_explicit_pull_request_subject.json,explicit_pull_request_subject,False,public gist with pull_request subject,https://gist.github.com/npalm/8f796f57fcdc95b09699baf330294a93,gist.github.com,public-repository-or-discussion,,,,
registered-public-examples,05_environment_exact_with_governance.json,environment_exact_with_governance,True,GitHub environment subject guidance,https://github.com/aws-actions/configure-aws-credentials,github.com,public-repository-or-discussion,,,,
registered-public-examples,06_environment_exact_without_governance.json,environment_exact_without_governance,False,GitHub environment troubleshooting issue,https://github.com/aws-actions/configure-aws-credentials/issues/672,github.com,public-repository-or-discussion,,,,
registered-public-examples,07_condition_key_typo.json,condition_key_typo,False,aws-actions configure-aws-credentials issue 721,https://github.com/aws-actions/configure-aws-credentials/issues/721,github.com,public-repository-or-discussion,,,,
registered-public-examples,08_custom_audience_issuer_cut.json,custom_audience_issuer_cut,True,public custom audience troubleshooting,https://github.com/aws-actions/configure-aws-credentials/issues/318,github.com,public-repository-or-discussion,,,,
registered-public-examples,09_stackoverflow_multi_repo_suffix_wildcard.json,stackoverflow_multi_repo_suffix_wildcard,False,StackOverflow multiple-repository OIDC pattern,https://stackoverflow.com/questions/78031234/aws-oidc-policy-for-multiple-repositories,stackoverflow.com,public-troubleshooting,,,,
registered-public-examples,10_gist_deny_pull_request_not_enough.json,gist_deny_pull_request_not_enough,False,Public Terraform gist using repo wildcard plus pull-request deny,https://gist.github.com/npalm/8f796f57fcdc95b09699baf330294a93,gist.github.com,public-repository-or-discussion,,,,
registered-public-examples,11_aws_exact_branch_safe.json,aws_exact_branch_safe,True,AWS/GitHub guidance branch-scoped pattern,https://docs.aws.amazon.com/IAM/latest/UserGuide/access-analyzer-reference-policy-checks.html,docs.aws.amazon.com,official-provider,,,,
registered-public-examples,12_blog_main_prefix_wildcard.json,blog_main_prefix_wildcard,False,Public blog branch-prefix wildcard example,https://040code.github.io/2022/12/02/oidc-part-1,040code.github.io,public-article,,,,
registered-public-examples,13_awsfundamentals_repo_suffix_wildcard.json,awsfundamentals_repo_suffix_wildcard,False,Public Pulumi trust-policy wildcard example,https://awsfundamentals.com/blog/github-actions-to-aws,awsfundamentals.com,public-article,,,,
registered-public-examples,14_oneuptime_environment_protected_safe.json,oneuptime_environment_protected_safe,True,Public environment-specific trust example with governance premise,https://oneuptime.com/blog/post/2026-01-25-github-actions-oidc-aws/view,oneuptime.com,public-article,,,,
registered-public-examples,15_oneuptime_environment_unprotected.json,oneuptime_environment_unprotected,False,Public environment-specific trust example without governance premise,https://oneuptime.com/blog/post/2026-01-25-github-actions-oidc-aws/view,oneuptime.com,public-article,,,,
registered-public-examples,16_stackoverflow_repo_suffix_wildcard.json,stackoverflow_repo_suffix_wildcard,False,StackOverflow troubleshooting trust-policy wildcard,https://stackoverflow.com/questions/77969948/github-actions-with-aws-oidc-login-not-working,stackoverflow.com,public-troubleshooting,,,,
registered-public-examples,17_github_oidc_ref_exact_branch_safe.json,github_oidc_ref_exact_branch_safe,True,GitHub OIDC reference branch subject form,https://docs.github.com/actions/reference/openid-connect-reference,docs.github.com,official-provider,,,,
registered-public-examples,18_github_oidc_ref_tag_subject_not_release_branch.json,github_oidc_ref_tag_subject_not_release_branch,False,GitHub OIDC reference tag subject form,https://docs.github.com/actions/reference/openid-connect-reference,docs.github.com,official-provider,,,,
registered-public-examples,19_github_oidc_ref_pull_request_not_release_branch.json,github_oidc_ref_pull_request_not_release_branch,False,GitHub OIDC reference pull_request subject form,https://docs.github.com/actions/reference/openid-connect-reference,docs.github.com,official-provider,,,,
registered-public-examples,20_github_oidc_ref_environment_with_governance_safe.json,github_oidc_ref_environment_with_governance_safe,True,GitHub OIDC reference environment subject form,https://docs.github.com/actions/reference/openid-connect-reference,docs.github.com,official-provider,,,,
optional-public-issue-challenge,01_configure_aws_credentials_readme_exact_branch_safe.json,configure_aws_credentials_readme_exact_branch_safe,True,public repository README,https://github.com/aws-actions/configure-aws-credentials,github.com,public-repository-or-discussion,True,True,,3.78
optional-public-issue-challenge,02_github_docs_repo_suffix_wildcard.json,github_docs_repo_suffix_wildcard,False,official GitHub docs,https://docs.github.com/actions/security-for-github-actions/security-hardening-your-deployments/configuring-openid-connect-in-amazon-web-services,docs.github.com,official-provider,False,True,subject-overgrant,7.398
optional-public-issue-challenge,03_terraform_module_main_prefix_wildcard_issue.json,terraform_module_main_prefix_wildcard_issue,False,public GitHub issue,https://github.com/terraform-aws-modules/terraform-aws-iam/issues/522,github.com,public-repository-or-discussion,False,True,subject-overgrant,7.832
optional-public-issue-challenge,04_marketplace_org_repo_wildcard.json,marketplace_org_repo_wildcard,False,GitHub Marketplace action page,https://github.com/marketplace/actions/aws-iam-assume-role,github.com,public-repository-or-discussion,False,True,subject-overgrant,13.331
optional-public-issue-challenge,05_configure_credentials_pull_request_review_wildcard_issue.json,configure_credentials_pull_request_review_wildcard_issue,False,public GitHub issue,https://github.com/aws-actions/configure-aws-credentials/issues/443,github.com,public-repository-or-discussion,False,True,subject-overgrant,11.165
optional-public-issue-challenge,06_environment_exact_without_governance_public_issue.json,environment_exact_without_governance_public_issue,False,public GitHub issue,https://github.com/aws-actions/configure-aws-credentials/issues/672,github.com,public-repository-or-discussion,False,True,unprotected-environment,3.524
optional-public-issue-challenge,07_github_docs_environment_with_governance_safe.json,github_docs_environment_with_governance_safe,True,official GitHub docs,https://docs.github.com/actions/security-for-github-actions/security-hardening-your-deployments/configuring-openid-connect-in-amazon-web-services,docs.github.com,official-provider,True,True,,3.23
optional-public-issue-challenge,08_exact_branch_from_user_issue_safe.json,exact_branch_from_user_issue_safe,True,public GitHub issue,https://github.com/aws-actions/configure-aws-credentials/issues/511,github.com,public-repository-or-discussion,True,True,,3.51
