law,repo_index,expected_safe,fedfence_safe,correct,findings,ms,transported
policy-broadening,0,False,False,True,subject-overgrant,5.541,False
policy-broadening,1,False,False,True,subject-overgrant,5.541,True
policy-broadening,2,False,False,True,subject-overgrant,5.541,True
policy-broadening,3,False,False,True,subject-overgrant,5.541,True
policy-broadening,4,False,False,True,subject-overgrant,5.541,True
policy-broadening,5,False,False,True,subject-overgrant,5.541,True
policy-broadening,6,False,False,True,subject-overgrant,5.541,True
policy-broadening,7,False,False,True,subject-overgrant,5.541,True
policy-broadening,8,False,False,True,subject-overgrant,5.541,True
policy-broadening,9,False,False,True,subject-overgrant,5.541,True
policy-broadening,10,False,False,True,subject-overgrant,5.541,True
policy-broadening,11,False,False,True,subject-overgrant,5.541,True
policy-broadening,12,False,False,True,subject-overgrant,5.541,True
policy-broadening,13,False,False,True,subject-overgrant,5.541,True
policy-broadening,14,False,False,True,subject-overgrant,5.541,True
policy-broadening,15,False,False,True,subject-overgrant,5.541,True
policy-broadening,16,False,False,True,subject-overgrant,5.541,True
policy-broadening,17,False,False,True,subject-overgrant,5.541,True
policy-broadening,18,False,False,True,subject-overgrant,5.541,True
policy-broadening,19,False,False,True,subject-overgrant,5.541,True
policy-broadening,20,False,False,True,subject-overgrant,5.541,True
policy-broadening,21,False,False,True,subject-overgrant,5.541,True
policy-broadening,22,False,False,True,subject-overgrant,5.541,True
policy-broadening,23,False,False,True,subject-overgrant,5.541,True
policy-broadening,24,False,False,True,subject-overgrant,5.541,True
policy-broadening,25,False,False,True,subject-overgrant,5.541,True
policy-broadening,26,False,False,True,subject-overgrant,5.541,True
policy-broadening,27,False,False,True,subject-overgrant,5.541,True
policy-broadening,28,False,False,True,subject-overgrant,5.541,True
policy-broadening,29,False,False,True,subject-overgrant,5.541,True
policy-broadening,30,False,False,True,subject-overgrant,5.541,True
policy-broadening,31,False,False,True,subject-overgrant,5.541,True
policy-broadening,32,False,False,True,subject-overgrant,5.541,True
policy-broadening,33,False,False,True,subject-overgrant,5.541,True
policy-broadening,34,False,False,True,subject-overgrant,5.541,True
policy-broadening,35,False,False,True,subject-overgrant,5.541,True
policy-broadening,36,False,False,True,subject-overgrant,5.541,True
policy-broadening,37,False,False,True,subject-overgrant,5.541,True
policy-broadening,38,False,False,True,subject-overgrant,5.541,True
policy-broadening,39,False,False,True,subject-overgrant,5.541,True
policy-broadening,40,False,False,True,subject-overgrant,5.541,True
policy-broadening,41,False,False,True,subject-overgrant,5.541,True
policy-broadening,42,False,False,True,subject-overgrant,5.541,True
policy-broadening,43,False,False,True,subject-overgrant,5.541,True
policy-broadening,44,False,False,True,subject-overgrant,5.541,True
policy-broadening,45,False,False,True,subject-overgrant,5.541,True
policy-broadening,46,False,False,True,subject-overgrant,5.541,True
policy-broadening,47,False,False,True,subject-overgrant,5.541,True
policy-broadening,48,False,False,True,subject-overgrant,5.541,True
policy-broadening,49,False,False,True,subject-overgrant,5.541,True
policy-broadening,50,False,False,True,subject-overgrant,5.541,True
policy-broadening,51,False,False,True,subject-overgrant,5.541,True
policy-broadening,52,False,False,True,subject-overgrant,5.541,True
policy-broadening,53,False,False,True,subject-overgrant,5.541,True
policy-broadening,54,False,False,True,subject-overgrant,5.541,True
policy-broadening,55,False,False,True,subject-overgrant,5.541,True
policy-broadening,56,False,False,True,subject-overgrant,5.541,True
policy-broadening,57,False,False,True,subject-overgrant,5.541,True
policy-broadening,58,False,False,True,subject-overgrant,5.541,True
policy-broadening,59,False,False,True,subject-overgrant,5.541,True
policy-broadening,60,False,False,True,subject-overgrant,5.541,True
policy-broadening,61,False,False,True,subject-overgrant,5.541,True
policy-broadening,62,False,False,True,subject-overgrant,5.541,True
policy-broadening,63,False,False,True,subject-overgrant,5.541,True
policy-broadening,64,False,False,True,subject-overgrant,5.541,True
policy-broadening,65,False,False,True,subject-overgrant,5.541,True
policy-broadening,66,False,False,True,subject-overgrant,5.541,True
policy-broadening,67,False,False,True,subject-overgrant,5.541,True
policy-broadening,68,False,False,True,subject-overgrant,5.541,True
policy-broadening,69,False,False,True,subject-overgrant,5.541,True
policy-broadening,70,False,False,True,subject-overgrant,5.541,True
policy-broadening,71,False,False,True,subject-overgrant,5.541,True
policy-broadening,72,False,False,True,subject-overgrant,5.541,True
policy-broadening,73,False,False,True,subject-overgrant,5.541,True
policy-broadening,74,False,False,True,subject-overgrant,5.541,True
policy-broadening,75,False,False,True,subject-overgrant,5.541,True
policy-broadening,76,False,False,True,subject-overgrant,5.541,True
policy-broadening,77,False,False,True,subject-overgrant,5.541,True
policy-broadening,78,False,False,True,subject-overgrant,5.541,True
policy-broadening,79,False,False,True,subject-overgrant,5.541,True
policy-broadening,80,False,False,True,subject-overgrant,5.541,True
policy-broadening,81,False,False,True,subject-overgrant,5.541,True
policy-broadening,82,False,False,True,subject-overgrant,5.541,True
policy-broadening,83,False,False,True,subject-overgrant,5.541,True
policy-broadening,84,False,False,True,subject-overgrant,5.541,True
policy-broadening,85,False,False,True,subject-overgrant,5.541,True
policy-broadening,86,False,False,True,subject-overgrant,5.541,True
policy-broadening,87,False,False,True,subject-overgrant,5.541,True
policy-broadening,88,False,False,True,subject-overgrant,5.541,True
policy-broadening,89,False,False,True,subject-overgrant,5.541,True
policy-broadening,90,False,False,True,subject-overgrant,5.541,True
policy-broadening,91,False,False,True,subject-overgrant,5.541,True
policy-broadening,92,False,False,True,subject-overgrant,5.541,True
policy-broadening,93,False,False,True,subject-overgrant,5.541,True
policy-broadening,94,False,False,True,subject-overgrant,5.541,True
policy-broadening,95,False,False,True,subject-overgrant,5.541,True
policy-broadening,96,False,False,True,subject-overgrant,5.541,True
policy-broadening,97,False,False,True,subject-overgrant,5.541,True
policy-broadening,98,False,False,True,subject-overgrant,5.541,True
policy-broadening,99,False,False,True,subject-overgrant,5.541,True
policy-broadening,100,False,False,True,subject-overgrant,5.541,True
policy-broadening,101,False,False,True,subject-overgrant,5.541,True
policy-broadening,102,False,False,True,subject-overgrant,5.541,True
policy-broadening,103,False,False,True,subject-overgrant,5.541,True
policy-broadening,104,False,False,True,subject-overgrant,5.541,True
policy-broadening,105,False,False,True,subject-overgrant,5.541,True
policy-broadening,106,False,False,True,subject-overgrant,5.541,True
policy-broadening,107,False,False,True,subject-overgrant,5.541,True
policy-broadening,108,False,False,True,subject-overgrant,5.541,True
policy-broadening,109,False,False,True,subject-overgrant,5.541,True
policy-broadening,110,False,False,True,subject-overgrant,5.541,True
policy-broadening,111,False,False,True,subject-overgrant,5.541,True
policy-broadening,112,False,False,True,subject-overgrant,5.541,True
policy-broadening,113,False,False,True,subject-overgrant,5.541,True
policy-broadening,114,False,False,True,subject-overgrant,5.541,True
policy-broadening,115,False,False,True,subject-overgrant,5.541,True
policy-broadening,116,False,False,True,subject-overgrant,5.541,True
policy-broadening,117,False,False,True,subject-overgrant,5.541,True
policy-broadening,118,False,False,True,subject-overgrant,5.541,True
policy-broadening,119,False,False,True,subject-overgrant,5.541,True
policy-broadening,120,False,False,True,subject-overgrant,5.541,True
policy-broadening,121,False,False,True,subject-overgrant,5.541,True
policy-broadening,122,False,False,True,subject-overgrant,5.541,True
policy-broadening,123,False,False,True,subject-overgrant,5.541,True
policy-broadening,124,False,False,True,subject-overgrant,5.541,True
policy-broadening,125,False,False,True,subject-overgrant,5.541,True
policy-broadening,126,False,False,True,subject-overgrant,5.541,True
policy-broadening,127,False,False,True,subject-overgrant,5.541,True
witness-cut-narrowing,0,True,True,True,,3.076,False
witness-cut-narrowing,1,True,True,True,,3.076,True
witness-cut-narrowing,2,True,True,True,,3.076,True
witness-cut-narrowing,3,True,True,True,,3.076,True
witness-cut-narrowing,4,True,True,True,,3.076,True
witness-cut-narrowing,5,True,True,True,,3.076,True
witness-cut-narrowing,6,True,True,True,,3.076,True
witness-cut-narrowing,7,True,True,True,,3.076,True
witness-cut-narrowing,8,True,True,True,,3.076,True
witness-cut-narrowing,9,True,True,True,,3.076,True
witness-cut-narrowing,10,True,True,True,,3.076,True
witness-cut-narrowing,11,True,True,True,,3.076,True
witness-cut-narrowing,12,True,True,True,,3.076,True
witness-cut-narrowing,13,True,True,True,,3.076,True
witness-cut-narrowing,14,True,True,True,,3.076,True
witness-cut-narrowing,15,True,True,True,,3.076,True
witness-cut-narrowing,16,True,True,True,,3.076,True
witness-cut-narrowing,17,True,True,True,,3.076,True
witness-cut-narrowing,18,True,True,True,,3.076,True
witness-cut-narrowing,19,True,True,True,,3.076,True
witness-cut-narrowing,20,True,True,True,,3.076,True
witness-cut-narrowing,21,True,True,True,,3.076,True
witness-cut-narrowing,22,True,True,True,,3.076,True
witness-cut-narrowing,23,True,True,True,,3.076,True
witness-cut-narrowing,24,True,True,True,,3.076,True
witness-cut-narrowing,25,True,True,True,,3.076,True
witness-cut-narrowing,26,True,True,True,,3.076,True
witness-cut-narrowing,27,True,True,True,,3.076,True
witness-cut-narrowing,28,True,True,True,,3.076,True
witness-cut-narrowing,29,True,True,True,,3.076,True
witness-cut-narrowing,30,True,True,True,,3.076,True
witness-cut-narrowing,31,True,True,True,,3.076,True
witness-cut-narrowing,32,True,True,True,,3.076,True
witness-cut-narrowing,33,True,True,True,,3.076,True
witness-cut-narrowing,34,True,True,True,,3.076,True
witness-cut-narrowing,35,True,True,True,,3.076,True
witness-cut-narrowing,36,True,True,True,,3.076,True
witness-cut-narrowing,37,True,True,True,,3.076,True
witness-cut-narrowing,38,True,True,True,,3.076,True
witness-cut-narrowing,39,True,True,True,,3.076,True
witness-cut-narrowing,40,True,True,True,,3.076,True
witness-cut-narrowing,41,True,True,True,,3.076,True
witness-cut-narrowing,42,True,True,True,,3.076,True
witness-cut-narrowing,43,True,True,True,,3.076,True
witness-cut-narrowing,44,True,True,True,,3.076,True
witness-cut-narrowing,45,True,True,True,,3.076,True
witness-cut-narrowing,46,True,True,True,,3.076,True
witness-cut-narrowing,47,True,True,True,,3.076,True
witness-cut-narrowing,48,True,True,True,,3.076,True
witness-cut-narrowing,49,True,True,True,,3.076,True
witness-cut-narrowing,50,True,True,True,,3.076,True
witness-cut-narrowing,51,True,True,True,,3.076,True
witness-cut-narrowing,52,True,True,True,,3.076,True
witness-cut-narrowing,53,True,True,True,,3.076,True
witness-cut-narrowing,54,True,True,True,,3.076,True
witness-cut-narrowing,55,True,True,True,,3.076,True
witness-cut-narrowing,56,True,True,True,,3.076,True
witness-cut-narrowing,57,True,True,True,,3.076,True
witness-cut-narrowing,58,True,True,True,,3.076,True
witness-cut-narrowing,59,True,True,True,,3.076,True
witness-cut-narrowing,60,True,True,True,,3.076,True
witness-cut-narrowing,61,True,True,True,,3.076,True
witness-cut-narrowing,62,True,True,True,,3.076,True
witness-cut-narrowing,63,True,True,True,,3.076,True
witness-cut-narrowing,64,True,True,True,,3.076,True
witness-cut-narrowing,65,True,True,True,,3.076,True
witness-cut-narrowing,66,True,True,True,,3.076,True
witness-cut-narrowing,67,True,True,True,,3.076,True
witness-cut-narrowing,68,True,True,True,,3.076,True
witness-cut-narrowing,69,True,True,True,,3.076,True
witness-cut-narrowing,70,True,True,True,,3.076,True
witness-cut-narrowing,71,True,True,True,,3.076,True
witness-cut-narrowing,72,True,True,True,,3.076,True
witness-cut-narrowing,73,True,True,True,,3.076,True
witness-cut-narrowing,74,True,True,True,,3.076,True
witness-cut-narrowing,75,True,True,True,,3.076,True
witness-cut-narrowing,76,True,True,True,,3.076,True
witness-cut-narrowing,77,True,True,True,,3.076,True
witness-cut-narrowing,78,True,True,True,,3.076,True
witness-cut-narrowing,79,True,True,True,,3.076,True
witness-cut-narrowing,80,True,True,True,,3.076,True
witness-cut-narrowing,81,True,True,True,,3.076,True
witness-cut-narrowing,82,True,True,True,,3.076,True
witness-cut-narrowing,83,True,True,True,,3.076,True
witness-cut-narrowing,84,True,True,True,,3.076,True
witness-cut-narrowing,85,True,True,True,,3.076,True
witness-cut-narrowing,86,True,True,True,,3.076,True
witness-cut-narrowing,87,True,True,True,,3.076,True
witness-cut-narrowing,88,True,True,True,,3.076,True
witness-cut-narrowing,89,True,True,True,,3.076,True
witness-cut-narrowing,90,True,True,True,,3.076,True
witness-cut-narrowing,91,True,True,True,,3.076,True
witness-cut-narrowing,92,True,True,True,,3.076,True
witness-cut-narrowing,93,True,True,True,,3.076,True
witness-cut-narrowing,94,True,True,True,,3.076,True
witness-cut-narrowing,95,True,True,True,,3.076,True
witness-cut-narrowing,96,True,True,True,,3.076,True
witness-cut-narrowing,97,True,True,True,,3.076,True
witness-cut-narrowing,98,True,True,True,,3.076,True
witness-cut-narrowing,99,True,True,True,,3.076,True
witness-cut-narrowing,100,True,True,True,,3.076,True
witness-cut-narrowing,101,True,True,True,,3.076,True
witness-cut-narrowing,102,True,True,True,,3.076,True
witness-cut-narrowing,103,True,True,True,,3.076,True
witness-cut-narrowing,104,True,True,True,,3.076,True
witness-cut-narrowing,105,True,True,True,,3.076,True
witness-cut-narrowing,106,True,True,True,,3.076,True
witness-cut-narrowing,107,True,True,True,,3.076,True
witness-cut-narrowing,108,True,True,True,,3.076,True
witness-cut-narrowing,109,True,True,True,,3.076,True
witness-cut-narrowing,110,True,True,True,,3.076,True
witness-cut-narrowing,111,True,True,True,,3.076,True
witness-cut-narrowing,112,True,True,True,,3.076,True
witness-cut-narrowing,113,True,True,True,,3.076,True
witness-cut-narrowing,114,True,True,True,,3.076,True
witness-cut-narrowing,115,True,True,True,,3.076,True
witness-cut-narrowing,116,True,True,True,,3.076,True
witness-cut-narrowing,117,True,True,True,,3.076,True
witness-cut-narrowing,118,True,True,True,,3.076,True
witness-cut-narrowing,119,True,True,True,,3.076,True
witness-cut-narrowing,120,True,True,True,,3.076,True
witness-cut-narrowing,121,True,True,True,,3.076,True
witness-cut-narrowing,122,True,True,True,,3.076,True
witness-cut-narrowing,123,True,True,True,,3.076,True
witness-cut-narrowing,124,True,True,True,,3.076,True
witness-cut-narrowing,125,True,True,True,,3.076,True
witness-cut-narrowing,126,True,True,True,,3.076,True
witness-cut-narrowing,127,True,True,True,,3.076,True
intent-widening,0,True,True,True,,3.089,False
intent-widening,1,True,True,True,,3.089,True
intent-widening,2,True,True,True,,3.089,True
intent-widening,3,True,True,True,,3.089,True
intent-widening,4,True,True,True,,3.089,True
intent-widening,5,True,True,True,,3.089,True
intent-widening,6,True,True,True,,3.089,True
intent-widening,7,True,True,True,,3.089,True
intent-widening,8,True,True,True,,3.089,True
intent-widening,9,True,True,True,,3.089,True
intent-widening,10,True,True,True,,3.089,True
intent-widening,11,True,True,True,,3.089,True
intent-widening,12,True,True,True,,3.089,True
intent-widening,13,True,True,True,,3.089,True
intent-widening,14,True,True,True,,3.089,True
intent-widening,15,True,True,True,,3.089,True
intent-widening,16,True,True,True,,3.089,True
intent-widening,17,True,True,True,,3.089,True
intent-widening,18,True,True,True,,3.089,True
intent-widening,19,True,True,True,,3.089,True
intent-widening,20,True,True,True,,3.089,True
intent-widening,21,True,True,True,,3.089,True
intent-widening,22,True,True,True,,3.089,True
intent-widening,23,True,True,True,,3.089,True
intent-widening,24,True,True,True,,3.089,True
intent-widening,25,True,True,True,,3.089,True
intent-widening,26,True,True,True,,3.089,True
intent-widening,27,True,True,True,,3.089,True
intent-widening,28,True,True,True,,3.089,True
intent-widening,29,True,True,True,,3.089,True
intent-widening,30,True,True,True,,3.089,True
intent-widening,31,True,True,True,,3.089,True
intent-widening,32,True,True,True,,3.089,True
intent-widening,33,True,True,True,,3.089,True
intent-widening,34,True,True,True,,3.089,True
intent-widening,35,True,True,True,,3.089,True
intent-widening,36,True,True,True,,3.089,True
intent-widening,37,True,True,True,,3.089,True
intent-widening,38,True,True,True,,3.089,True
intent-widening,39,True,True,True,,3.089,True
intent-widening,40,True,True,True,,3.089,True
intent-widening,41,True,True,True,,3.089,True
intent-widening,42,True,True,True,,3.089,True
intent-widening,43,True,True,True,,3.089,True
intent-widening,44,True,True,True,,3.089,True
intent-widening,45,True,True,True,,3.089,True
intent-widening,46,True,True,True,,3.089,True
intent-widening,47,True,True,True,,3.089,True
intent-widening,48,True,True,True,,3.089,True
intent-widening,49,True,True,True,,3.089,True
intent-widening,50,True,True,True,,3.089,True
intent-widening,51,True,True,True,,3.089,True
intent-widening,52,True,True,True,,3.089,True
intent-widening,53,True,True,True,,3.089,True
intent-widening,54,True,True,True,,3.089,True
intent-widening,55,True,True,True,,3.089,True
intent-widening,56,True,True,True,,3.089,True
intent-widening,57,True,True,True,,3.089,True
intent-widening,58,True,True,True,,3.089,True
intent-widening,59,True,True,True,,3.089,True
intent-widening,60,True,True,True,,3.089,True
intent-widening,61,True,True,True,,3.089,True
intent-widening,62,True,True,True,,3.089,True
intent-widening,63,True,True,True,,3.089,True
intent-widening,64,True,True,True,,3.089,True
intent-widening,65,True,True,True,,3.089,True
intent-widening,66,True,True,True,,3.089,True
intent-widening,67,True,True,True,,3.089,True
intent-widening,68,True,True,True,,3.089,True
intent-widening,69,True,True,True,,3.089,True
intent-widening,70,True,True,True,,3.089,True
intent-widening,71,True,True,True,,3.089,True
intent-widening,72,True,True,True,,3.089,True
intent-widening,73,True,True,True,,3.089,True
intent-widening,74,True,True,True,,3.089,True
intent-widening,75,True,True,True,,3.089,True
intent-widening,76,True,True,True,,3.089,True
intent-widening,77,True,True,True,,3.089,True
intent-widening,78,True,True,True,,3.089,True
intent-widening,79,True,True,True,,3.089,True
intent-widening,80,True,True,True,,3.089,True
intent-widening,81,True,True,True,,3.089,True
intent-widening,82,True,True,True,,3.089,True
intent-widening,83,True,True,True,,3.089,True
intent-widening,84,True,True,True,,3.089,True
intent-widening,85,True,True,True,,3.089,True
intent-widening,86,True,True,True,,3.089,True
intent-widening,87,True,True,True,,3.089,True
intent-widening,88,True,True,True,,3.089,True
intent-widening,89,True,True,True,,3.089,True
intent-widening,90,True,True,True,,3.089,True
intent-widening,91,True,True,True,,3.089,True
intent-widening,92,True,True,True,,3.089,True
intent-widening,93,True,True,True,,3.089,True
intent-widening,94,True,True,True,,3.089,True
intent-widening,95,True,True,True,,3.089,True
intent-widening,96,True,True,True,,3.089,True
intent-widening,97,True,True,True,,3.089,True
intent-widening,98,True,True,True,,3.089,True
intent-widening,99,True,True,True,,3.089,True
intent-widening,100,True,True,True,,3.089,True
intent-widening,101,True,True,True,,3.089,True
intent-widening,102,True,True,True,,3.089,True
intent-widening,103,True,True,True,,3.089,True
intent-widening,104,True,True,True,,3.089,True
intent-widening,105,True,True,True,,3.089,True
intent-widening,106,True,True,True,,3.089,True
intent-widening,107,True,True,True,,3.089,True
intent-widening,108,True,True,True,,3.089,True
intent-widening,109,True,True,True,,3.089,True
intent-widening,110,True,True,True,,3.089,True
intent-widening,111,True,True,True,,3.089,True
intent-widening,112,True,True,True,,3.089,True
intent-widening,113,True,True,True,,3.089,True
intent-widening,114,True,True,True,,3.089,True
intent-widening,115,True,True,True,,3.089,True
intent-widening,116,True,True,True,,3.089,True
intent-widening,117,True,True,True,,3.089,True
intent-widening,118,True,True,True,,3.089,True
intent-widening,119,True,True,True,,3.089,True
intent-widening,120,True,True,True,,3.089,True
intent-widening,121,True,True,True,,3.089,True
intent-widening,122,True,True,True,,3.089,True
intent-widening,123,True,True,True,,3.089,True
intent-widening,124,True,True,True,,3.089,True
intent-widening,125,True,True,True,,3.089,True
intent-widening,126,True,True,True,,3.089,True
intent-widening,127,True,True,True,,3.089,True
env-governance-removal,0,False,False,True,unprotected-environment,2.92,False
env-governance-removal,1,False,False,True,unprotected-environment,2.92,True
env-governance-removal,2,False,False,True,unprotected-environment,2.92,True
env-governance-removal,3,False,False,True,unprotected-environment,2.92,True
env-governance-removal,4,False,False,True,unprotected-environment,2.92,True
env-governance-removal,5,False,False,True,unprotected-environment,2.92,True
env-governance-removal,6,False,False,True,unprotected-environment,2.92,True
env-governance-removal,7,False,False,True,unprotected-environment,2.92,True
env-governance-removal,8,False,False,True,unprotected-environment,2.92,True
env-governance-removal,9,False,False,True,unprotected-environment,2.92,True
env-governance-removal,10,False,False,True,unprotected-environment,2.92,True
env-governance-removal,11,False,False,True,unprotected-environment,2.92,True
env-governance-removal,12,False,False,True,unprotected-environment,2.92,True
env-governance-removal,13,False,False,True,unprotected-environment,2.92,True
env-governance-removal,14,False,False,True,unprotected-environment,2.92,True
env-governance-removal,15,False,False,True,unprotected-environment,2.92,True
env-governance-removal,16,False,False,True,unprotected-environment,2.92,True
env-governance-removal,17,False,False,True,unprotected-environment,2.92,True
env-governance-removal,18,False,False,True,unprotected-environment,2.92,True
env-governance-removal,19,False,False,True,unprotected-environment,2.92,True
env-governance-removal,20,False,False,True,unprotected-environment,2.92,True
env-governance-removal,21,False,False,True,unprotected-environment,2.92,True
env-governance-removal,22,False,False,True,unprotected-environment,2.92,True
env-governance-removal,23,False,False,True,unprotected-environment,2.92,True
env-governance-removal,24,False,False,True,unprotected-environment,2.92,True
env-governance-removal,25,False,False,True,unprotected-environment,2.92,True
env-governance-removal,26,False,False,True,unprotected-environment,2.92,True
env-governance-removal,27,False,False,True,unprotected-environment,2.92,True
env-governance-removal,28,False,False,True,unprotected-environment,2.92,True
env-governance-removal,29,False,False,True,unprotected-environment,2.92,True
env-governance-removal,30,False,False,True,unprotected-environment,2.92,True
env-governance-removal,31,False,False,True,unprotected-environment,2.92,True
env-governance-removal,32,False,False,True,unprotected-environment,2.92,True
env-governance-removal,33,False,False,True,unprotected-environment,2.92,True
env-governance-removal,34,False,False,True,unprotected-environment,2.92,True
env-governance-removal,35,False,False,True,unprotected-environment,2.92,True
env-governance-removal,36,False,False,True,unprotected-environment,2.92,True
env-governance-removal,37,False,False,True,unprotected-environment,2.92,True
env-governance-removal,38,False,False,True,unprotected-environment,2.92,True
env-governance-removal,39,False,False,True,unprotected-environment,2.92,True
env-governance-removal,40,False,False,True,unprotected-environment,2.92,True
env-governance-removal,41,False,False,True,unprotected-environment,2.92,True
env-governance-removal,42,False,False,True,unprotected-environment,2.92,True
env-governance-removal,43,False,False,True,unprotected-environment,2.92,True
env-governance-removal,44,False,False,True,unprotected-environment,2.92,True
env-governance-removal,45,False,False,True,unprotected-environment,2.92,True
env-governance-removal,46,False,False,True,unprotected-environment,2.92,True
env-governance-removal,47,False,False,True,unprotected-environment,2.92,True
env-governance-removal,48,False,False,True,unprotected-environment,2.92,True
env-governance-removal,49,False,False,True,unprotected-environment,2.92,True
env-governance-removal,50,False,False,True,unprotected-environment,2.92,True
env-governance-removal,51,False,False,True,unprotected-environment,2.92,True
env-governance-removal,52,False,False,True,unprotected-environment,2.92,True
env-governance-removal,53,False,False,True,unprotected-environment,2.92,True
env-governance-removal,54,False,False,True,unprotected-environment,2.92,True
env-governance-removal,55,False,False,True,unprotected-environment,2.92,True
env-governance-removal,56,False,False,True,unprotected-environment,2.92,True
env-governance-removal,57,False,False,True,unprotected-environment,2.92,True
env-governance-removal,58,False,False,True,unprotected-environment,2.92,True
env-governance-removal,59,False,False,True,unprotected-environment,2.92,True
env-governance-removal,60,False,False,True,unprotected-environment,2.92,True
env-governance-removal,61,False,False,True,unprotected-environment,2.92,True
env-governance-removal,62,False,False,True,unprotected-environment,2.92,True
env-governance-removal,63,False,False,True,unprotected-environment,2.92,True
env-governance-removal,64,False,False,True,unprotected-environment,2.92,True
env-governance-removal,65,False,False,True,unprotected-environment,2.92,True
env-governance-removal,66,False,False,True,unprotected-environment,2.92,True
env-governance-removal,67,False,False,True,unprotected-environment,2.92,True
env-governance-removal,68,False,False,True,unprotected-environment,2.92,True
env-governance-removal,69,False,False,True,unprotected-environment,2.92,True
env-governance-removal,70,False,False,True,unprotected-environment,2.92,True
env-governance-removal,71,False,False,True,unprotected-environment,2.92,True
env-governance-removal,72,False,False,True,unprotected-environment,2.92,True
env-governance-removal,73,False,False,True,unprotected-environment,2.92,True
env-governance-removal,74,False,False,True,unprotected-environment,2.92,True
env-governance-removal,75,False,False,True,unprotected-environment,2.92,True
env-governance-removal,76,False,False,True,unprotected-environment,2.92,True
env-governance-removal,77,False,False,True,unprotected-environment,2.92,True
env-governance-removal,78,False,False,True,unprotected-environment,2.92,True
env-governance-removal,79,False,False,True,unprotected-environment,2.92,True
env-governance-removal,80,False,False,True,unprotected-environment,2.92,True
env-governance-removal,81,False,False,True,unprotected-environment,2.92,True
env-governance-removal,82,False,False,True,unprotected-environment,2.92,True
env-governance-removal,83,False,False,True,unprotected-environment,2.92,True
env-governance-removal,84,False,False,True,unprotected-environment,2.92,True
env-governance-removal,85,False,False,True,unprotected-environment,2.92,True
env-governance-removal,86,False,False,True,unprotected-environment,2.92,True
env-governance-removal,87,False,False,True,unprotected-environment,2.92,True
env-governance-removal,88,False,False,True,unprotected-environment,2.92,True
env-governance-removal,89,False,False,True,unprotected-environment,2.92,True
env-governance-removal,90,False,False,True,unprotected-environment,2.92,True
env-governance-removal,91,False,False,True,unprotected-environment,2.92,True
env-governance-removal,92,False,False,True,unprotected-environment,2.92,True
env-governance-removal,93,False,False,True,unprotected-environment,2.92,True
env-governance-removal,94,False,False,True,unprotected-environment,2.92,True
env-governance-removal,95,False,False,True,unprotected-environment,2.92,True
env-governance-removal,96,False,False,True,unprotected-environment,2.92,True
env-governance-removal,97,False,False,True,unprotected-environment,2.92,True
env-governance-removal,98,False,False,True,unprotected-environment,2.92,True
env-governance-removal,99,False,False,True,unprotected-environment,2.92,True
env-governance-removal,100,False,False,True,unprotected-environment,2.92,True
env-governance-removal,101,False,False,True,unprotected-environment,2.92,True
env-governance-removal,102,False,False,True,unprotected-environment,2.92,True
env-governance-removal,103,False,False,True,unprotected-environment,2.92,True
env-governance-removal,104,False,False,True,unprotected-environment,2.92,True
env-governance-removal,105,False,False,True,unprotected-environment,2.92,True
env-governance-removal,106,False,False,True,unprotected-environment,2.92,True
env-governance-removal,107,False,False,True,unprotected-environment,2.92,True
env-governance-removal,108,False,False,True,unprotected-environment,2.92,True
env-governance-removal,109,False,False,True,unprotected-environment,2.92,True
env-governance-removal,110,False,False,True,unprotected-environment,2.92,True
env-governance-removal,111,False,False,True,unprotected-environment,2.92,True
env-governance-removal,112,False,False,True,unprotected-environment,2.92,True
env-governance-removal,113,False,False,True,unprotected-environment,2.92,True
env-governance-removal,114,False,False,True,unprotected-environment,2.92,True
env-governance-removal,115,False,False,True,unprotected-environment,2.92,True
env-governance-removal,116,False,False,True,unprotected-environment,2.92,True
env-governance-removal,117,False,False,True,unprotected-environment,2.92,True
env-governance-removal,118,False,False,True,unprotected-environment,2.92,True
env-governance-removal,119,False,False,True,unprotected-environment,2.92,True
env-governance-removal,120,False,False,True,unprotected-environment,2.92,True
env-governance-removal,121,False,False,True,unprotected-environment,2.92,True
env-governance-removal,122,False,False,True,unprotected-environment,2.92,True
env-governance-removal,123,False,False,True,unprotected-environment,2.92,True
env-governance-removal,124,False,False,True,unprotected-environment,2.92,True
env-governance-removal,125,False,False,True,unprotected-environment,2.92,True
env-governance-removal,126,False,False,True,unprotected-environment,2.92,True
env-governance-removal,127,False,False,True,unprotected-environment,2.92,True
env-governance-repair,0,True,True,True,,2.907,False
env-governance-repair,1,True,True,True,,2.907,True
env-governance-repair,2,True,True,True,,2.907,True
env-governance-repair,3,True,True,True,,2.907,True
env-governance-repair,4,True,True,True,,2.907,True
env-governance-repair,5,True,True,True,,2.907,True
env-governance-repair,6,True,True,True,,2.907,True
env-governance-repair,7,True,True,True,,2.907,True
env-governance-repair,8,True,True,True,,2.907,True
env-governance-repair,9,True,True,True,,2.907,True
env-governance-repair,10,True,True,True,,2.907,True
env-governance-repair,11,True,True,True,,2.907,True
env-governance-repair,12,True,True,True,,2.907,True
env-governance-repair,13,True,True,True,,2.907,True
env-governance-repair,14,True,True,True,,2.907,True
env-governance-repair,15,True,True,True,,2.907,True
env-governance-repair,16,True,True,True,,2.907,True
env-governance-repair,17,True,True,True,,2.907,True
env-governance-repair,18,True,True,True,,2.907,True
env-governance-repair,19,True,True,True,,2.907,True
env-governance-repair,20,True,True,True,,2.907,True
env-governance-repair,21,True,True,True,,2.907,True
env-governance-repair,22,True,True,True,,2.907,True
env-governance-repair,23,True,True,True,,2.907,True
env-governance-repair,24,True,True,True,,2.907,True
env-governance-repair,25,True,True,True,,2.907,True
env-governance-repair,26,True,True,True,,2.907,True
env-governance-repair,27,True,True,True,,2.907,True
env-governance-repair,28,True,True,True,,2.907,True
env-governance-repair,29,True,True,True,,2.907,True
env-governance-repair,30,True,True,True,,2.907,True
env-governance-repair,31,True,True,True,,2.907,True
env-governance-repair,32,True,True,True,,2.907,True
env-governance-repair,33,True,True,True,,2.907,True
env-governance-repair,34,True,True,True,,2.907,True
env-governance-repair,35,True,True,True,,2.907,True
env-governance-repair,36,True,True,True,,2.907,True
env-governance-repair,37,True,True,True,,2.907,True
env-governance-repair,38,True,True,True,,2.907,True
env-governance-repair,39,True,True,True,,2.907,True
env-governance-repair,40,True,True,True,,2.907,True
env-governance-repair,41,True,True,True,,2.907,True
env-governance-repair,42,True,True,True,,2.907,True
env-governance-repair,43,True,True,True,,2.907,True
env-governance-repair,44,True,True,True,,2.907,True
env-governance-repair,45,True,True,True,,2.907,True
env-governance-repair,46,True,True,True,,2.907,True
env-governance-repair,47,True,True,True,,2.907,True
env-governance-repair,48,True,True,True,,2.907,True
env-governance-repair,49,True,True,True,,2.907,True
env-governance-repair,50,True,True,True,,2.907,True
env-governance-repair,51,True,True,True,,2.907,True
env-governance-repair,52,True,True,True,,2.907,True
env-governance-repair,53,True,True,True,,2.907,True
env-governance-repair,54,True,True,True,,2.907,True
env-governance-repair,55,True,True,True,,2.907,True
env-governance-repair,56,True,True,True,,2.907,True
env-governance-repair,57,True,True,True,,2.907,True
env-governance-repair,58,True,True,True,,2.907,True
env-governance-repair,59,True,True,True,,2.907,True
env-governance-repair,60,True,True,True,,2.907,True
env-governance-repair,61,True,True,True,,2.907,True
env-governance-repair,62,True,True,True,,2.907,True
env-governance-repair,63,True,True,True,,2.907,True
env-governance-repair,64,True,True,True,,2.907,True
env-governance-repair,65,True,True,True,,2.907,True
env-governance-repair,66,True,True,True,,2.907,True
env-governance-repair,67,True,True,True,,2.907,True
env-governance-repair,68,True,True,True,,2.907,True
env-governance-repair,69,True,True,True,,2.907,True
env-governance-repair,70,True,True,True,,2.907,True
env-governance-repair,71,True,True,True,,2.907,True
env-governance-repair,72,True,True,True,,2.907,True
env-governance-repair,73,True,True,True,,2.907,True
env-governance-repair,74,True,True,True,,2.907,True
env-governance-repair,75,True,True,True,,2.907,True
env-governance-repair,76,True,True,True,,2.907,True
env-governance-repair,77,True,True,True,,2.907,True
env-governance-repair,78,True,True,True,,2.907,True
env-governance-repair,79,True,True,True,,2.907,True
env-governance-repair,80,True,True,True,,2.907,True
env-governance-repair,81,True,True,True,,2.907,True
env-governance-repair,82,True,True,True,,2.907,True
env-governance-repair,83,True,True,True,,2.907,True
env-governance-repair,84,True,True,True,,2.907,True
env-governance-repair,85,True,True,True,,2.907,True
env-governance-repair,86,True,True,True,,2.907,True
env-governance-repair,87,True,True,True,,2.907,True
env-governance-repair,88,True,True,True,,2.907,True
env-governance-repair,89,True,True,True,,2.907,True
env-governance-repair,90,True,True,True,,2.907,True
env-governance-repair,91,True,True,True,,2.907,True
env-governance-repair,92,True,True,True,,2.907,True
env-governance-repair,93,True,True,True,,2.907,True
env-governance-repair,94,True,True,True,,2.907,True
env-governance-repair,95,True,True,True,,2.907,True
env-governance-repair,96,True,True,True,,2.907,True
env-governance-repair,97,True,True,True,,2.907,True
env-governance-repair,98,True,True,True,,2.907,True
env-governance-repair,99,True,True,True,,2.907,True
env-governance-repair,100,True,True,True,,2.907,True
env-governance-repair,101,True,True,True,,2.907,True
env-governance-repair,102,True,True,True,,2.907,True
env-governance-repair,103,True,True,True,,2.907,True
env-governance-repair,104,True,True,True,,2.907,True
env-governance-repair,105,True,True,True,,2.907,True
env-governance-repair,106,True,True,True,,2.907,True
env-governance-repair,107,True,True,True,,2.907,True
env-governance-repair,108,True,True,True,,2.907,True
env-governance-repair,109,True,True,True,,2.907,True
env-governance-repair,110,True,True,True,,2.907,True
env-governance-repair,111,True,True,True,,2.907,True
env-governance-repair,112,True,True,True,,2.907,True
env-governance-repair,113,True,True,True,,2.907,True
env-governance-repair,114,True,True,True,,2.907,True
env-governance-repair,115,True,True,True,,2.907,True
env-governance-repair,116,True,True,True,,2.907,True
env-governance-repair,117,True,True,True,,2.907,True
env-governance-repair,118,True,True,True,,2.907,True
env-governance-repair,119,True,True,True,,2.907,True
env-governance-repair,120,True,True,True,,2.907,True
env-governance-repair,121,True,True,True,,2.907,True
env-governance-repair,122,True,True,True,,2.907,True
env-governance-repair,123,True,True,True,,2.907,True
env-governance-repair,124,True,True,True,,2.907,True
env-governance-repair,125,True,True,True,,2.907,True
env-governance-repair,126,True,True,True,,2.907,True
env-governance-repair,127,True,True,True,,2.907,True
audience-narrowing,0,True,True,True,,3.107,False
audience-narrowing,1,True,True,True,,3.107,True
audience-narrowing,2,True,True,True,,3.107,True
audience-narrowing,3,True,True,True,,3.107,True
audience-narrowing,4,True,True,True,,3.107,True
audience-narrowing,5,True,True,True,,3.107,True
audience-narrowing,6,True,True,True,,3.107,True
audience-narrowing,7,True,True,True,,3.107,True
audience-narrowing,8,True,True,True,,3.107,True
audience-narrowing,9,True,True,True,,3.107,True
audience-narrowing,10,True,True,True,,3.107,True
audience-narrowing,11,True,True,True,,3.107,True
audience-narrowing,12,True,True,True,,3.107,True
audience-narrowing,13,True,True,True,,3.107,True
audience-narrowing,14,True,True,True,,3.107,True
audience-narrowing,15,True,True,True,,3.107,True
audience-narrowing,16,True,True,True,,3.107,True
audience-narrowing,17,True,True,True,,3.107,True
audience-narrowing,18,True,True,True,,3.107,True
audience-narrowing,19,True,True,True,,3.107,True
audience-narrowing,20,True,True,True,,3.107,True
audience-narrowing,21,True,True,True,,3.107,True
audience-narrowing,22,True,True,True,,3.107,True
audience-narrowing,23,True,True,True,,3.107,True
audience-narrowing,24,True,True,True,,3.107,True
audience-narrowing,25,True,True,True,,3.107,True
audience-narrowing,26,True,True,True,,3.107,True
audience-narrowing,27,True,True,True,,3.107,True
audience-narrowing,28,True,True,True,,3.107,True
audience-narrowing,29,True,True,True,,3.107,True
audience-narrowing,30,True,True,True,,3.107,True
audience-narrowing,31,True,True,True,,3.107,True
audience-narrowing,32,True,True,True,,3.107,True
audience-narrowing,33,True,True,True,,3.107,True
audience-narrowing,34,True,True,True,,3.107,True
audience-narrowing,35,True,True,True,,3.107,True
audience-narrowing,36,True,True,True,,3.107,True
audience-narrowing,37,True,True,True,,3.107,True
audience-narrowing,38,True,True,True,,3.107,True
audience-narrowing,39,True,True,True,,3.107,True
audience-narrowing,40,True,True,True,,3.107,True
audience-narrowing,41,True,True,True,,3.107,True
audience-narrowing,42,True,True,True,,3.107,True
audience-narrowing,43,True,True,True,,3.107,True
audience-narrowing,44,True,True,True,,3.107,True
audience-narrowing,45,True,True,True,,3.107,True
audience-narrowing,46,True,True,True,,3.107,True
audience-narrowing,47,True,True,True,,3.107,True
audience-narrowing,48,True,True,True,,3.107,True
audience-narrowing,49,True,True,True,,3.107,True
audience-narrowing,50,True,True,True,,3.107,True
audience-narrowing,51,True,True,True,,3.107,True
audience-narrowing,52,True,True,True,,3.107,True
audience-narrowing,53,True,True,True,,3.107,True
audience-narrowing,54,True,True,True,,3.107,True
audience-narrowing,55,True,True,True,,3.107,True
audience-narrowing,56,True,True,True,,3.107,True
audience-narrowing,57,True,True,True,,3.107,True
audience-narrowing,58,True,True,True,,3.107,True
audience-narrowing,59,True,True,True,,3.107,True
audience-narrowing,60,True,True,True,,3.107,True
audience-narrowing,61,True,True,True,,3.107,True
audience-narrowing,62,True,True,True,,3.107,True
audience-narrowing,63,True,True,True,,3.107,True
audience-narrowing,64,True,True,True,,3.107,True
audience-narrowing,65,True,True,True,,3.107,True
audience-narrowing,66,True,True,True,,3.107,True
audience-narrowing,67,True,True,True,,3.107,True
audience-narrowing,68,True,True,True,,3.107,True
audience-narrowing,69,True,True,True,,3.107,True
audience-narrowing,70,True,True,True,,3.107,True
audience-narrowing,71,True,True,True,,3.107,True
audience-narrowing,72,True,True,True,,3.107,True
audience-narrowing,73,True,True,True,,3.107,True
audience-narrowing,74,True,True,True,,3.107,True
audience-narrowing,75,True,True,True,,3.107,True
audience-narrowing,76,True,True,True,,3.107,True
audience-narrowing,77,True,True,True,,3.107,True
audience-narrowing,78,True,True,True,,3.107,True
audience-narrowing,79,True,True,True,,3.107,True
audience-narrowing,80,True,True,True,,3.107,True
audience-narrowing,81,True,True,True,,3.107,True
audience-narrowing,82,True,True,True,,3.107,True
audience-narrowing,83,True,True,True,,3.107,True
audience-narrowing,84,True,True,True,,3.107,True
audience-narrowing,85,True,True,True,,3.107,True
audience-narrowing,86,True,True,True,,3.107,True
audience-narrowing,87,True,True,True,,3.107,True
audience-narrowing,88,True,True,True,,3.107,True
audience-narrowing,89,True,True,True,,3.107,True
audience-narrowing,90,True,True,True,,3.107,True
audience-narrowing,91,True,True,True,,3.107,True
audience-narrowing,92,True,True,True,,3.107,True
audience-narrowing,93,True,True,True,,3.107,True
audience-narrowing,94,True,True,True,,3.107,True
audience-narrowing,95,True,True,True,,3.107,True
audience-narrowing,96,True,True,True,,3.107,True
audience-narrowing,97,True,True,True,,3.107,True
audience-narrowing,98,True,True,True,,3.107,True
audience-narrowing,99,True,True,True,,3.107,True
audience-narrowing,100,True,True,True,,3.107,True
audience-narrowing,101,True,True,True,,3.107,True
audience-narrowing,102,True,True,True,,3.107,True
audience-narrowing,103,True,True,True,,3.107,True
audience-narrowing,104,True,True,True,,3.107,True
audience-narrowing,105,True,True,True,,3.107,True
audience-narrowing,106,True,True,True,,3.107,True
audience-narrowing,107,True,True,True,,3.107,True
audience-narrowing,108,True,True,True,,3.107,True
audience-narrowing,109,True,True,True,,3.107,True
audience-narrowing,110,True,True,True,,3.107,True
audience-narrowing,111,True,True,True,,3.107,True
audience-narrowing,112,True,True,True,,3.107,True
audience-narrowing,113,True,True,True,,3.107,True
audience-narrowing,114,True,True,True,,3.107,True
audience-narrowing,115,True,True,True,,3.107,True
audience-narrowing,116,True,True,True,,3.107,True
audience-narrowing,117,True,True,True,,3.107,True
audience-narrowing,118,True,True,True,,3.107,True
audience-narrowing,119,True,True,True,,3.107,True
audience-narrowing,120,True,True,True,,3.107,True
audience-narrowing,121,True,True,True,,3.107,True
audience-narrowing,122,True,True,True,,3.107,True
audience-narrowing,123,True,True,True,,3.107,True
audience-narrowing,124,True,True,True,,3.107,True
audience-narrowing,125,True,True,True,,3.107,True
audience-narrowing,126,True,True,True,,3.107,True
audience-narrowing,127,True,True,True,,3.107,True
