case,original_safe,original_findings,policy_repair_safe,policy_repair_findings,governance_repair_safe,governance_required
01_safe_exact_branch,True,,True,,True,
02_repo_wildcard_all_events,False,subject-overgrant,True,,True,
03_org_wildcard_any_repo,False,subject-overgrant,True,,True,
04_pull_request_admitted,False,subject-overgrant,True,,True,
05_unprotected_environment,False,unprotected-environment,False,unprotected-environment,True,acme/api:prod
06_safe_protected_environment,True,,True,,True,acme/api:prod
07_missing_subject,False,missing-sub;subject-overgrant,True,,True,
08_audience_wildcard,False,audience-overgrant,True,,True,
09_multi_statement_broad,False,subject-overgrant,True,,True,
10_tag_wildcard_overgrant,False,subject-overgrant,True,,True,
11_safe_conjunctive_refinement,True,,True,,True,
12_conjunctive_ref_broad,False,subject-overgrant,True,,True,
13_safe_dynamic_alphabet,True,,True,,True,
14_non_github_oidc_principal,False,non-github-allow-oidc-principal,True,,True,
15_wildcard_federated_principal,False,wildcard-allow-federated-principal,True,,True,
16_mixed_principal_outside_core,False,mixed-allow-principal,True,,True,
17_safe_effective_deny_narrows_finite_overgrant,True,,True,,True,
18_unqualified_claim_keys_ineffective,False,unsupported-allow-claim-key;missing-sub;missing-aud;subject-overgrant;audience-overgrant,True,,True,
19_substring_principal_rejected,False,non-github-allow-oidc-principal,True,,True,
20_cross_repository_environment_governance,False,unprotected-environment,False,unprotected-environment,True,acme/api:prod
21_audience_issuer_intersection_safe,True,,True,,True,
22_literal_star_audience_unsafe,False,audience-overgrant,True,,True,
23_literal_question_audience_unsafe,False,audience-overgrant,True,,True,
24_unsupported_allow_condition_erased_safe,True,unsupported-allow-claim-key,True,,True,
25_branch_slash_safe,True,,True,,True,
26_encoded_colon_environment_safe,True,,True,,True,acme/api:Production%3AV1
27_unsupported_deny_cannot_discharge_unsafe,False,subject-overgrant,True,,True,
28_safe_deny_removes_bad_audience,True,,True,,True,
29_foreign_provider_claim_key_ignored,False,unsupported-allow-claim-key;missing-sub;subject-overgrant,True,,True,
30_safe_equals_literal_question_subject,True,,True,,True,
31_like_question_does_not_match_literal_intent,False,subject-overgrant,True,,True,
32_foranyvalue_operator_outside_core,False,unsupported-allow-condition;missing-sub;missing-aud;subject-overgrant;audience-overgrant,True,,True,
33_selected_claim_default_environment_not_branch_definable,False,event-overgrant,False,event-overgrant;event-overgrant;event-overgrant,False,
34_selected_claim_ref_environment_repository_id_safe,True,,False,event-overgrant;event-overgrant;event-overgrant,False,
35_selected_claim_workflow_ref_safe,True,,False,event-overgrant;event-overgrant;event-overgrant,False,
36_selected_claim_custom_property_without_ref_unsafe,False,event-overgrant;event-overgrant,False,event-overgrant;event-overgrant;event-overgrant,False,
37_action_wildcard_outside_core,False,unsupported-allow-statement-field,True,,True,
