template,n,unsafe,correct,transported,median_ms,p95_ms
safe_exact_branch,128,0,128,127,3.154,3.154
safe_release_tags,128,0,128,127,3.761,3.761
safe_protected_environment,128,0,128,127,2.396,2.396
safe_two_release_branches,128,0,128,127,2.815,2.815
safe_dual_audience,128,0,128,127,2.677,2.677
safe_split_statements,128,0,128,127,5.455,5.455
safe_conjunctive_refinement,128,0,128,127,4.67,4.67
safe_dynamic_alphabet,128,0,128,127,2.74,2.74
safe_branch_slash,128,0,128,127,2.873,2.873
safe_encoded_colon_environment,128,0,128,127,5.028,5.028
safe_unsupported_allow_narrowing,128,0,128,127,2.471,2.471
selected_claim_ref_env_repoid_safe,128,0,128,127,1.612,1.612
selected_claim_custom_property_without_ref_unsafe,128,128,128,127,0.072,0.072
repo_suffix_wildcard,128,128,128,127,5.588,5.588
org_repo_wildcard,128,128,128,127,7.533,7.533
branch_wildcard,128,128,128,127,3.986,3.986
tag_as_prod,128,128,128,127,3.592,3.592
pull_request_exact,128,128,128,127,3.539,3.539
missing_subject,128,128,128,127,6.136,6.136
audience_wildcard,128,128,128,127,2.433,2.433
literal_star_audience,128,128,128,127,2.351,2.351
literal_question_audience,128,128,128,127,2.383,2.383
multi_statement_broad,128,128,128,127,5.54,5.54
unprotected_environment,128,128,128,127,2.46,2.46
environment_wildcard,128,128,128,127,3.574,3.574
cross_repository_environment_governance,128,128,128,127,2.311,2.311
audience_list_broad,128,128,128,127,3.18,3.18
repo_prefix_typo,128,128,128,127,7.301,7.301
mixed_env_and_branch_broad,128,128,128,127,5.289,5.289
conjunctive_ref_broad,128,128,128,127,5.526,5.526
unsupported_deny_cannot_discharge,128,128,128,127,3.961,3.961
safe_deny_narrowing,128,0,128,127,2.565,2.565
unqualified_claim_keys,128,128,128,127,6.302,6.302
substring_principal,128,128,128,127,0.666,0.666
non_github_principal,128,128,128,127,0.638,0.638
