family,n,safe_expected,unsafe_expected,correct,median_ms,p95_ms
action_multi,64,0,64,64,0.78,1.092
action_wild,64,0,64,64,0.696,0.98
arnequals_question,64,64,0,64,3.054,4.042
arnlike,64,64,0,64,5.022,5.242
aud_list_broad,64,0,64,64,4.334,4.531
audwild,64,0,64,64,2.943,3.094
broad_deny,64,0,64,64,4.582,4.731
condition_not_mapping,64,0,64,64,7.088,7.698
env_cross,64,0,64,64,2.729,2.839
env_safe,64,64,0,64,2.749,2.849
env_wildcard,64,0,64,64,4.396,4.547
exact,64,64,0,64,2.785,2.904
exact_tag_safe,64,64,0,64,2.977,3.225
forall,64,0,64,64,7.216,7.535
forany,64,0,64,64,7.391,9.576
foreign_key,64,0,64,64,7.076,7.925
ifexists,64,0,64,64,7.403,8.219
literal_star,64,0,64,64,2.925,3.137
malformed_principal,64,0,64,64,0.68,0.775
missing_audience,64,0,64,64,2.864,3.034
mixed_principal,64,0,64,64,0.692,0.778
notaction,64,0,64,64,0.013,0.018
notprincipal,64,0,64,64,0.683,0.76
org,64,0,64,64,7.694,7.912
pr,64,0,64,64,4.288,4.475
qmark_subject,64,64,0,64,3.015,3.139
safe_deny,64,64,0,64,2.904,3.053
split_broad,64,0,64,64,7.979,8.234
split_safe,64,64,0,64,5.055,5.3
sub_list_broad,64,0,64,64,4.906,5.033
substring_principal,64,0,64,64,0.647,0.721
suffix,64,0,64,64,5.768,5.918
tag,64,0,64,64,4.348,4.417
unqualified,64,0,64,64,7.125,8.086
unsupported_allow,64,64,0,64,3.077,3.805
