patterns,intended_patterns,unsafe_injected,median_ms,min_ms,max_ms,safe,findings,allow_subject_states,intended_subject_states
1,1,False,4.707,4.7,5.21,True,0,40,41
2,1,True,5.34,5.323,5.477,False,1,75,41
2,2,False,6.28,6.238,6.327,True,0,79,80
3,2,True,6.66,6.639,6.784,False,1,114,80
4,4,False,9.527,9.519,9.858,True,0,157,158
5,4,True,9.701,9.678,9.753,False,1,192,158
8,8,False,17.215,16.767,18.245,True,0,313,314
9,8,True,17.166,16.906,17.351,False,1,348,314
16,16,False,31.544,31.381,32.782,True,0,631,632
17,16,True,30.607,29.876,30.928,False,1,666,632
32,32,False,60.15,58.237,60.299,True,0,1271,1272
33,32,True,55.657,55.104,59.254,False,1,1306,1272
64,64,False,122.682,118.413,123.591,True,0,2551,2552
65,64,True,109.983,108.311,111.412,False,1,2586,2552
