case,judgment,verdict,verified,analyzer_agrees,message,blocking_kinds,num_findings
01_safe_exact_branch,effective-claim-product-admission,safe,True,True,independent effective-admission replay verifies,,0
02_repo_wildcard_all_events,effective-claim-product-admission,unsafe,True,True,independent effective-admission replay verifies,subject-overgrant,1
03_org_wildcard_any_repo,effective-claim-product-admission,unsafe,True,True,independent effective-admission replay verifies,subject-overgrant,1
04_pull_request_admitted,effective-claim-product-admission,unsafe,True,True,independent effective-admission replay verifies,subject-overgrant,1
05_unprotected_environment,effective-claim-product-admission,unsafe,True,True,independent effective-admission replay verifies,unprotected-environment,1
06_safe_protected_environment,effective-claim-product-admission,safe,True,True,independent effective-admission replay verifies,,0
07_missing_subject,effective-claim-product-admission,unsafe,True,True,independent effective-admission replay verifies,subject-overgrant,1
08_audience_wildcard,effective-claim-product-admission,unsafe,True,True,independent effective-admission replay verifies,audience-overgrant,1
09_multi_statement_broad,effective-claim-product-admission,unsafe,True,True,independent effective-admission replay verifies,subject-overgrant,1
10_tag_wildcard_overgrant,effective-claim-product-admission,unsafe,True,True,independent effective-admission replay verifies,subject-overgrant,1
11_safe_conjunctive_refinement,effective-claim-product-admission,safe,True,True,independent effective-admission replay verifies,,0
12_conjunctive_ref_broad,effective-claim-product-admission,unsafe,True,True,independent effective-admission replay verifies,subject-overgrant,1
13_safe_dynamic_alphabet,effective-claim-product-admission,safe,True,True,independent effective-admission replay verifies,,0
14_non_github_oidc_principal,effective-claim-product-admission,unsafe,True,True,independent effective-admission replay verifies,non-github-allow-oidc-principal,1
15_wildcard_federated_principal,effective-claim-product-admission,unsafe,True,True,independent effective-admission replay verifies,wildcard-allow-federated-principal,1
16_mixed_principal_outside_core,effective-claim-product-admission,unsafe,True,True,independent effective-admission replay verifies,mixed-allow-principal,1
17_safe_effective_deny_narrows_finite_overgrant,effective-claim-product-admission,safe,True,True,independent effective-admission replay verifies,,0
18_unqualified_claim_keys_ineffective,effective-claim-product-admission,unsafe,True,True,independent effective-admission replay verifies,subject-overgrant;audience-overgrant,3
19_substring_principal_rejected,effective-claim-product-admission,unsafe,True,True,independent effective-admission replay verifies,non-github-allow-oidc-principal,1
20_cross_repository_environment_governance,effective-claim-product-admission,unsafe,True,True,independent effective-admission replay verifies,unprotected-environment,1
21_audience_issuer_intersection_safe,effective-claim-product-admission,safe,True,True,independent effective-admission replay verifies,,0
22_literal_star_audience_unsafe,effective-claim-product-admission,unsafe,True,True,independent effective-admission replay verifies,audience-overgrant,1
23_literal_question_audience_unsafe,effective-claim-product-admission,unsafe,True,True,independent effective-admission replay verifies,audience-overgrant,1
24_unsupported_allow_condition_erased_safe,effective-claim-product-admission,safe,True,True,independent effective-admission replay verifies,,1
25_branch_slash_safe,effective-claim-product-admission,safe,True,True,independent effective-admission replay verifies,,0
26_encoded_colon_environment_safe,effective-claim-product-admission,safe,True,True,independent effective-admission replay verifies,,0
27_unsupported_deny_cannot_discharge_unsafe,effective-claim-product-admission,unsafe,True,True,independent effective-admission replay verifies,subject-overgrant,2
28_safe_deny_removes_bad_audience,effective-claim-product-admission,safe,True,True,independent effective-admission replay verifies,,0
29_foreign_provider_claim_key_ignored,effective-claim-product-admission,unsafe,True,True,independent effective-admission replay verifies,subject-overgrant,2
30_safe_equals_literal_question_subject,effective-claim-product-admission,safe,True,True,independent effective-admission replay verifies,,0
31_like_question_does_not_match_literal_intent,effective-claim-product-admission,unsafe,True,True,independent effective-admission replay verifies,subject-overgrant,1
32_foranyvalue_operator_outside_core,effective-claim-product-admission,unsafe,True,True,independent effective-admission replay verifies,subject-overgrant;audience-overgrant,3
33_selected_claim_default_environment_not_branch_definable,effective-claim-product-admission,unsafe,True,True,independent effective-admission replay verifies,event-overgrant,1
34_selected_claim_ref_environment_repository_id_safe,effective-claim-product-admission,safe,True,True,independent effective-admission replay verifies,,0
35_selected_claim_workflow_ref_safe,effective-claim-product-admission,safe,True,True,independent effective-admission replay verifies,,0
36_selected_claim_custom_property_without_ref_unsafe,effective-claim-product-admission,unsafe,True,True,independent effective-admission replay verifies,event-overgrant;event-overgrant,2
37_action_wildcard_outside_core,effective-claim-product-admission,unsafe,True,True,independent effective-admission replay verifies,unsupported-allow-statement-field,1
