predicate,projection,definable
release-branch,default-subject,True
release-branch,refined-environment-subject,True
release-branch,subject-plus-ref,True
release-branch,subject-plus-repo-class,True
release-branch,subject-plus-ref-plus-repo-class,True
prod-environment,default-subject,True
prod-environment,refined-environment-subject,True
prod-environment,subject-plus-ref,True
prod-environment,subject-plus-repo-class,True
prod-environment,subject-plus-ref-plus-repo-class,True
prod-env-main,default-subject,False
prod-env-main,refined-environment-subject,True
prod-env-main,subject-plus-ref,True
prod-env-main,subject-plus-repo-class,False
prod-env-main,subject-plus-ref-plus-repo-class,True
prod-env-main-or-release,default-subject,False
prod-env-main-or-release,refined-environment-subject,True
prod-env-main-or-release,subject-plus-ref,True
prod-env-main-or-release,subject-plus-repo-class,False
prod-env-main-or-release,subject-plus-ref-plus-repo-class,True
repository-api-only,default-subject,True
repository-api-only,refined-environment-subject,True
repository-api-only,subject-plus-ref,True
repository-api-only,subject-plus-repo-class,True
repository-api-only,subject-plus-ref-plus-repo-class,True
production-tier,default-subject,True
production-tier,refined-environment-subject,True
production-tier,subject-plus-ref,True
production-tier,subject-plus-repo-class,True
production-tier,subject-plus-ref-plus-repo-class,True
deployable-prod-environment,default-subject,True
deployable-prod-environment,refined-environment-subject,True
deployable-prod-environment,subject-plus-ref,True
deployable-prod-environment,subject-plus-repo-class,True
deployable-prod-environment,subject-plus-ref-plus-repo-class,True
not-pull-request,default-subject,True
not-pull-request,refined-environment-subject,True
not-pull-request,subject-plus-ref,True
not-pull-request,subject-plus-repo-class,True
not-pull-request,subject-plus-ref-plus-repo-class,True
