format,template,n,expected_safe,fedfence_safe_count,findings,median_ms,p95_ms
cloudformation-json,audience_list_broad,32,False,0,32,3.873,3.873
cloudformation-json,audience_wildcard,32,False,0,32,3.222,3.222
cloudformation-json,branch_wildcard,32,False,0,32,4.744,4.744
cloudformation-json,conjunctive_ref_broad,32,False,0,32,6.555,6.555
cloudformation-json,cross_repository_environment_governance,32,False,0,32,2.849,2.849
cloudformation-json,environment_wildcard,32,False,0,64,4.586,4.586
cloudformation-json,literal_question_audience,32,False,0,32,2.994,2.994
cloudformation-json,literal_star_audience,32,False,0,32,3.13,3.13
cloudformation-json,missing_subject,32,False,0,64,7.034,7.034
cloudformation-json,mixed_env_and_branch_broad,32,False,0,32,6.832,6.832
cloudformation-json,multi_statement_broad,32,False,0,32,6.975,6.975
cloudformation-json,non_github_principal,32,False,0,32,0.719,0.719
cloudformation-json,org_repo_wildcard,32,False,0,32,7.634,7.634
cloudformation-json,pull_request_exact,32,False,0,32,4.335,4.335
cloudformation-json,repo_prefix_typo,32,False,0,32,8.09,8.09
cloudformation-json,repo_suffix_wildcard,32,False,0,32,6.158,6.158
cloudformation-json,safe_branch_slash,32,True,32,0,3.486,3.486
cloudformation-json,safe_conjunctive_refinement,32,True,32,0,5.6,5.6
cloudformation-json,safe_deny_narrowing,32,True,32,0,3.586,3.586
cloudformation-json,safe_dual_audience,32,True,32,0,3.521,3.521
cloudformation-json,safe_dynamic_alphabet,32,True,32,0,3.295,3.295
cloudformation-json,safe_encoded_colon_environment,32,True,32,0,3.528,3.528
cloudformation-json,safe_exact_branch,32,True,32,0,3.017,3.017
cloudformation-json,safe_protected_environment,32,True,32,0,2.955,2.955
cloudformation-json,safe_release_tags,32,True,32,0,4.686,4.686
cloudformation-json,safe_split_statements,32,True,32,0,7.026,7.026
cloudformation-json,safe_two_release_branches,32,True,32,0,3.832,3.832
cloudformation-json,safe_unsupported_allow_narrowing,32,True,32,32,2.979,2.979
cloudformation-json,selected_claim_custom_property_without_ref_unsafe,32,False,0,32,0.043,0.043
cloudformation-json,selected_claim_ref_env_repoid_safe,32,True,32,0,0.045,0.045
cloudformation-json,substring_principal,32,False,0,32,0.733,0.733
cloudformation-json,tag_as_prod,32,False,0,32,4.651,4.651
cloudformation-json,unprotected_environment,32,False,0,32,2.874,2.874
cloudformation-json,unqualified_claim_keys,32,False,0,160,7.274,7.274
cloudformation-json,unsupported_deny_cannot_discharge,32,False,0,32,5.443,5.443
direct-json,audience_list_broad,32,False,0,32,3.959,3.959
direct-json,audience_wildcard,32,False,0,32,3.306,3.306
direct-json,branch_wildcard,32,False,0,32,4.899,4.899
direct-json,conjunctive_ref_broad,32,False,0,32,6.673,6.673
direct-json,cross_repository_environment_governance,32,False,0,32,2.888,2.888
direct-json,environment_wildcard,32,False,0,64,4.612,4.612
direct-json,literal_question_audience,32,False,0,32,3.046,3.046
direct-json,literal_star_audience,32,False,0,32,2.998,2.998
direct-json,missing_subject,32,False,0,64,7.628,7.628
direct-json,mixed_env_and_branch_broad,32,False,0,32,7.129,7.129
direct-json,multi_statement_broad,32,False,0,32,7.274,7.274
direct-json,non_github_principal,32,False,0,32,0.726,0.726
direct-json,org_repo_wildcard,32,False,0,32,7.933,7.933
direct-json,pull_request_exact,32,False,0,32,4.442,4.442
direct-json,repo_prefix_typo,32,False,0,32,8.459,8.459
direct-json,repo_suffix_wildcard,32,False,0,32,6.446,6.446
direct-json,safe_branch_slash,32,True,32,0,3.291,3.291
direct-json,safe_conjunctive_refinement,32,True,32,0,5.362,5.362
direct-json,safe_deny_narrowing,32,True,32,0,3.346,3.346
direct-json,safe_dual_audience,32,True,32,0,3.061,3.061
direct-json,safe_dynamic_alphabet,32,True,32,0,3.213,3.213
direct-json,safe_encoded_colon_environment,32,True,32,0,5.149,5.149
direct-json,safe_exact_branch,32,True,32,0,3.703,3.703
direct-json,safe_protected_environment,32,True,32,0,2.799,2.799
direct-json,safe_release_tags,32,True,32,0,4.578,4.578
direct-json,safe_split_statements,32,True,32,0,6.716,6.716
direct-json,safe_two_release_branches,32,True,32,0,3.255,3.255
direct-json,safe_unsupported_allow_narrowing,32,True,32,32,2.881,2.881
direct-json,selected_claim_custom_property_without_ref_unsafe,32,False,0,32,0.068,0.068
direct-json,selected_claim_ref_env_repoid_safe,32,True,32,0,2.514,2.514
direct-json,substring_principal,32,False,0,32,0.73,0.73
direct-json,tag_as_prod,32,False,0,32,4.647,4.647
direct-json,unprotected_environment,32,False,0,32,3.196,3.196
direct-json,unqualified_claim_keys,32,False,0,160,7.301,7.301
direct-json,unsupported_deny_cannot_discharge,32,False,0,32,5.199,5.199
terraform-json,audience_list_broad,32,False,0,32,3.8,3.8
terraform-json,audience_wildcard,32,False,0,32,2.959,2.959
terraform-json,branch_wildcard,32,False,0,32,4.646,4.646
terraform-json,conjunctive_ref_broad,32,False,0,32,6.54,6.54
terraform-json,cross_repository_environment_governance,32,False,0,32,2.711,2.711
terraform-json,environment_wildcard,32,False,0,64,4.453,4.453
terraform-json,literal_question_audience,32,False,0,32,3.023,3.023
terraform-json,literal_star_audience,32,False,0,32,2.904,2.904
terraform-json,missing_subject,32,False,0,64,6.974,6.974
terraform-json,mixed_env_and_branch_broad,32,False,0,32,7.565,7.565
terraform-json,multi_statement_broad,32,False,0,32,6.802,6.802
terraform-json,non_github_principal,32,False,0,32,0.732,0.732
terraform-json,org_repo_wildcard,32,False,0,32,7.426,7.426
terraform-json,pull_request_exact,32,False,0,32,4.393,4.393
terraform-json,repo_prefix_typo,32,False,0,32,8.583,8.583
terraform-json,repo_suffix_wildcard,32,False,0,32,7.855,7.855
terraform-json,safe_branch_slash,32,True,32,0,3.387,3.387
terraform-json,safe_conjunctive_refinement,32,True,32,0,5.462,5.462
terraform-json,safe_deny_narrowing,32,True,32,0,3.424,3.424
terraform-json,safe_dual_audience,32,True,32,0,3.098,3.098
terraform-json,safe_dynamic_alphabet,32,True,32,0,3.243,3.243
terraform-json,safe_encoded_colon_environment,32,True,32,0,3.389,3.389
terraform-json,safe_exact_branch,32,True,32,0,3.237,3.237
terraform-json,safe_protected_environment,32,True,32,0,2.807,2.807
terraform-json,safe_release_tags,32,True,32,0,4.514,4.514
terraform-json,safe_split_statements,32,True,32,0,6.755,6.755
terraform-json,safe_two_release_branches,32,True,32,0,3.447,3.447
terraform-json,safe_unsupported_allow_narrowing,32,True,32,32,2.909,2.909
terraform-json,selected_claim_custom_property_without_ref_unsafe,32,False,0,32,0.051,0.051
terraform-json,selected_claim_ref_env_repoid_safe,32,True,32,0,0.043,0.043
terraform-json,substring_principal,32,False,0,32,0.742,0.742
terraform-json,tag_as_prod,32,False,0,32,4.598,4.598
terraform-json,unprotected_environment,32,False,0,32,2.85,2.85
terraform-json,unqualified_claim_keys,32,False,0,160,7.482,7.482
terraform-json,unsupported_deny_cannot_discharge,32,False,0,32,5.224,5.224
