format,template,expected_safe,fedfence_safe,correct,findings
terraform-hcl,safe_exact_branch,True,True,True,0
terraform-hcl,safe_exact_branch,True,True,True,0
terraform-hcl,safe_exact_branch,True,True,True,0
terraform-hcl,safe_exact_branch,True,True,True,0
terraform-hcl,safe_protected_environment,True,True,True,0
terraform-hcl,safe_protected_environment,True,True,True,0
terraform-hcl,safe_protected_environment,True,True,True,0
terraform-hcl,safe_protected_environment,True,True,True,0
terraform-hcl,repo_suffix_wildcard,False,False,True,1
terraform-hcl,repo_suffix_wildcard,False,False,True,1
terraform-hcl,repo_suffix_wildcard,False,False,True,1
terraform-hcl,repo_suffix_wildcard,False,False,True,1
terraform-hcl,pull_request_exact,False,False,True,1
terraform-hcl,pull_request_exact,False,False,True,1
terraform-hcl,pull_request_exact,False,False,True,1
terraform-hcl,pull_request_exact,False,False,True,1
terraform-hcl,unprotected_environment,False,False,True,1
terraform-hcl,unprotected_environment,False,False,True,1
terraform-hcl,unprotected_environment,False,False,True,1
terraform-hcl,unprotected_environment,False,False,True,1
terraform-hcl,selected_claim_ref_env_repoid_safe,True,True,True,0
terraform-hcl,selected_claim_ref_env_repoid_safe,True,True,True,0
terraform-hcl,selected_claim_ref_env_repoid_safe,True,True,True,0
terraform-hcl,selected_claim_ref_env_repoid_safe,True,True,True,0
terraform-hcl,selected_claim_custom_property_without_ref_unsafe,False,False,True,1
terraform-hcl,selected_claim_custom_property_without_ref_unsafe,False,False,True,1
terraform-hcl,selected_claim_custom_property_without_ref_unsafe,False,False,True,1
terraform-hcl,selected_claim_custom_property_without_ref_unsafe,False,False,True,1
cloudformation-yaml,safe_exact_branch,True,True,True,0
cloudformation-yaml,safe_exact_branch,True,True,True,0
cloudformation-yaml,safe_exact_branch,True,True,True,0
cloudformation-yaml,safe_exact_branch,True,True,True,0
cloudformation-yaml,safe_protected_environment,True,True,True,0
cloudformation-yaml,safe_protected_environment,True,True,True,0
cloudformation-yaml,safe_protected_environment,True,True,True,0
cloudformation-yaml,safe_protected_environment,True,True,True,0
cloudformation-yaml,repo_suffix_wildcard,False,False,True,1
cloudformation-yaml,repo_suffix_wildcard,False,False,True,1
cloudformation-yaml,repo_suffix_wildcard,False,False,True,1
cloudformation-yaml,repo_suffix_wildcard,False,False,True,1
cloudformation-yaml,pull_request_exact,False,False,True,1
cloudformation-yaml,pull_request_exact,False,False,True,1
cloudformation-yaml,pull_request_exact,False,False,True,1
cloudformation-yaml,pull_request_exact,False,False,True,1
cloudformation-yaml,unprotected_environment,False,False,True,1
cloudformation-yaml,unprotected_environment,False,False,True,1
cloudformation-yaml,unprotected_environment,False,False,True,1
cloudformation-yaml,unprotected_environment,False,False,True,1
cloudformation-yaml,selected_claim_ref_env_repoid_safe,True,True,True,0
cloudformation-yaml,selected_claim_ref_env_repoid_safe,True,True,True,0
cloudformation-yaml,selected_claim_ref_env_repoid_safe,True,True,True,0
cloudformation-yaml,selected_claim_ref_env_repoid_safe,True,True,True,0
cloudformation-yaml,selected_claim_custom_property_without_ref_unsafe,False,False,True,1
cloudformation-yaml,selected_claim_custom_property_without_ref_unsafe,False,False,True,1
cloudformation-yaml,selected_claim_custom_property_without_ref_unsafe,False,False,True,1
cloudformation-yaml,selected_claim_custom_property_without_ref_unsafe,False,False,True,1
