predicate,regime,claims,definable
release-branch,default-subject-only,default_sub,True
release-branch,documented-subject-template,repo+context,True
release-branch,refined-subject-template,refined_sub,True
release-branch,structured-claims,repository_id+event+ref+environment+repo_class,True
release-branch,all-claims,repo+repository_id+event+ref+environment+context+default_sub+refined_sub+repo_class,True
prod-environment,default-subject-only,default_sub,True
prod-environment,documented-subject-template,repo+context,True
prod-environment,refined-subject-template,refined_sub,True
prod-environment,structured-claims,repository_id+event+ref+environment+repo_class,True
prod-environment,all-claims,repo+repository_id+event+ref+environment+context+default_sub+refined_sub+repo_class,True
prod-env-main,default-subject-only,default_sub,False
prod-env-main,documented-subject-template,repo+context,False
prod-env-main,refined-subject-template,refined_sub,True
prod-env-main,structured-claims,repository_id+event+ref+environment+repo_class,True
prod-env-main,all-claims,repo+repository_id+event+ref+environment+context+default_sub+refined_sub+repo_class,True
prod-env-main-or-release,default-subject-only,default_sub,False
prod-env-main-or-release,documented-subject-template,repo+context,False
prod-env-main-or-release,refined-subject-template,refined_sub,True
prod-env-main-or-release,structured-claims,repository_id+event+ref+environment+repo_class,True
prod-env-main-or-release,all-claims,repo+repository_id+event+ref+environment+context+default_sub+refined_sub+repo_class,True
repository-api-only,default-subject-only,default_sub,True
repository-api-only,documented-subject-template,repo+context,True
repository-api-only,refined-subject-template,refined_sub,True
repository-api-only,structured-claims,repository_id+event+ref+environment+repo_class,True
repository-api-only,all-claims,repo+repository_id+event+ref+environment+context+default_sub+refined_sub+repo_class,True
production-tier,default-subject-only,default_sub,True
production-tier,documented-subject-template,repo+context,True
production-tier,refined-subject-template,refined_sub,True
production-tier,structured-claims,repository_id+event+ref+environment+repo_class,True
production-tier,all-claims,repo+repository_id+event+ref+environment+context+default_sub+refined_sub+repo_class,True
deployable-prod-environment,default-subject-only,default_sub,True
deployable-prod-environment,documented-subject-template,repo+context,True
deployable-prod-environment,refined-subject-template,refined_sub,True
deployable-prod-environment,structured-claims,repository_id+event+ref+environment+repo_class,True
deployable-prod-environment,all-claims,repo+repository_id+event+ref+environment+context+default_sub+refined_sub+repo_class,True
not-pull-request,default-subject-only,default_sub,True
not-pull-request,documented-subject-template,repo+context,True
not-pull-request,refined-subject-template,refined_sub,True
not-pull-request,structured-claims,repository_id+event+ref+environment+repo_class,True
not-pull-request,all-claims,repo+repository_id+event+ref+environment+context+default_sub+refined_sub+repo_class,True
