group,file,name,has_public_source,has_source_url,url_host,expected_safe,normalized_sha256
registered-public,01_docs_repo_suffix_wildcard.json,docs_repo_suffix_wildcard,True,True,docs.github.com,False,4b1b91035d6716e4a0b3e995098374425b74521f1a207c2368e8a7eb996d7bc1
registered-public,02_discussion_repo_suffix_wildcard.json,discussion_repo_suffix_wildcard,True,True,github.com,False,f0ac5539253651a360c9a2c84462dc1527615b391d2613ec1fbeee07e1498fcd
registered-public,03_discussion_org_wildcard.json,discussion_org_wildcard,True,True,github.com,False,0eaba08cc2e2977d4c414f99e68bd67f2040b540c077a6a3c79a47cdde9a8c09
registered-public,04_explicit_pull_request_subject.json,explicit_pull_request_subject,True,True,gist.github.com,False,ea2c17c79a8aea78803b1291b23268563ca9793f4faf5ea57d68de03b5be2ee3
registered-public,05_environment_exact_with_governance.json,environment_exact_with_governance,True,True,github.com,True,bde8f79b23821fa011b21ce10be512d668e9a34343ee53d4fb0b97d949ab6d0d
registered-public,06_environment_exact_without_governance.json,environment_exact_without_governance,True,True,github.com,False,6bf00d190ddcd9a4f735930c4f270d72bde23dd687821947ed2b8168c6b61ca3
registered-public,07_condition_key_typo.json,condition_key_typo,True,True,github.com,False,5290bf384556f2aee30bef73634c6a7ffd8085ae45d589d2e2db56a3746c68b4
registered-public,08_custom_audience_issuer_cut.json,custom_audience_issuer_cut,True,True,github.com,True,851ac77b2c3e85bdaec01b98fa94de485356304b0b90cac9f9dda034d860d4f9
registered-public,09_stackoverflow_multi_repo_suffix_wildcard.json,stackoverflow_multi_repo_suffix_wildcard,True,True,stackoverflow.com,False,4363dd16eecedbe7278906c508017cd4b094fb03b89f5d7b8461bd0de4ceaebf
registered-public,10_gist_deny_pull_request_not_enough.json,gist_deny_pull_request_not_enough,True,True,gist.github.com,False,c4ea393024304642304b5ac1a9ef878b26a6a8e2da5c4d53d1e536e04a111b76
registered-public,11_aws_exact_branch_safe.json,aws_exact_branch_safe,True,True,docs.aws.amazon.com,True,8c88a7353ec1c6ed846c993b5a6966fc26b0f05f94ee5af809c61cdba35a3514
registered-public,12_blog_main_prefix_wildcard.json,blog_main_prefix_wildcard,True,True,040code.github.io,False,baefb7744cb582a611d2b83461d658ce58f27e95d8ff1be2ddd44b1b816e54af
registered-public,13_awsfundamentals_repo_suffix_wildcard.json,awsfundamentals_repo_suffix_wildcard,True,True,awsfundamentals.com,False,46966246f7384dbfc13548c5cbe806049c607ba5e13ad84fc75e2ac8a669f7d6
registered-public,14_oneuptime_environment_protected_safe.json,oneuptime_environment_protected_safe,True,True,oneuptime.com,True,b667b37b061bfdc67d1b652eefbb07e1eb27ab90be0e55cbaa438b1db7390e4a
registered-public,15_oneuptime_environment_unprotected.json,oneuptime_environment_unprotected,True,True,oneuptime.com,False,e6d824661f61fdd9a530a0f433939b30e2878cdda652010b6b00dee6dd0486cd
registered-public,16_stackoverflow_repo_suffix_wildcard.json,stackoverflow_repo_suffix_wildcard,True,True,stackoverflow.com,False,ba7dc7e8e365f26b42efad4e492bb9b9445253153cfaffe68cbb1be4631096e8
registered-public,17_github_oidc_ref_exact_branch_safe.json,github_oidc_ref_exact_branch_safe,True,True,docs.github.com,True,f62464b1205658b71f556eb6c1d26e2c0ed8cff594b1c9ebe836cf0b91242709
registered-public,18_github_oidc_ref_tag_subject_not_release_branch.json,github_oidc_ref_tag_subject_not_release_branch,True,True,docs.github.com,False,26c69fa3882a6a61965fc92743778fd8935c0250b70fb40c4459a0db580d5093
registered-public,19_github_oidc_ref_pull_request_not_release_branch.json,github_oidc_ref_pull_request_not_release_branch,True,True,docs.github.com,False,5cec3a454e0c920ed111ebe8c2896677f4312c7b554b2576f80845b13dee7d49
registered-public,20_github_oidc_ref_environment_with_governance_safe.json,github_oidc_ref_environment_with_governance_safe,True,True,docs.github.com,True,df67f5d2e5f449d64b249e598de98f52e993feeced62778905d8cd1d5af181e4
optional-public-issue,01_configure_aws_credentials_readme_exact_branch_safe.json,configure_aws_credentials_readme_exact_branch_safe,True,True,github.com,True,c248c9dc4c10daee2d36a46dcea377bea9019967004186a824a6ebe0051a2d9a
optional-public-issue,02_github_docs_repo_suffix_wildcard.json,github_docs_repo_suffix_wildcard,True,True,docs.github.com,False,5cf1c3eebae90199ab6ac62be70fc48b412ef00744ad0244063d9290fa0feb7d
optional-public-issue,03_terraform_module_main_prefix_wildcard_issue.json,terraform_module_main_prefix_wildcard_issue,True,True,github.com,False,174b96d3177480201d982bd7d6752e3d1c05be70345eeea716f396c4d17d5ffa
optional-public-issue,04_marketplace_org_repo_wildcard.json,marketplace_org_repo_wildcard,True,True,github.com,False,9b1f184276b0917f7fd84b62cc205b2c329d5f14031c2da1de9828f328d28775
optional-public-issue,05_configure_credentials_pull_request_review_wildcard_issue.json,configure_credentials_pull_request_review_wildcard_issue,True,True,github.com,False,e1a11cf5c142fd97321daebe0075c32652e67687c5e3baecf5dbe2c92f45e21f
optional-public-issue,06_environment_exact_without_governance_public_issue.json,environment_exact_without_governance_public_issue,True,True,github.com,False,2bf6b3048f82c15a4105a17f0f79478bba660d4f7cc22c01e8144bebf025e093
optional-public-issue,07_github_docs_environment_with_governance_safe.json,github_docs_environment_with_governance_safe,True,True,docs.github.com,True,08dd11fabc4fedfc03048124547233a73b157fc1d9d8291927181c6f055c6a03
optional-public-issue,08_exact_branch_from_user_issue_safe.json,exact_branch_from_user_issue_safe,True,True,github.com,True,e7a733180d2f65422f4d2c1599d9695490a1bbac1158e368557bd135b7dc884e
provider-drift,01_immutable_subject_exact_branch_safe.json,immutable_subject_exact_branch_safe,True,True,docs.github.com,True,95ebe306bdbe6eac1ab3d30d7d3ea52dddd3317d4d53f7772d4e90e555ad29b8
provider-drift,02_immutable_subject_wildcard_unsafe.json,immutable_subject_wildcard_unsafe,True,True,docs.github.com,False,50308effffd82fbd75676bcf609c953ed9255525f65fc7df904d6e0422f8d518
provider-drift,03_immutable_environment_governed_safe.json,immutable_environment_governed_safe,True,True,docs.github.com,True,cee797df537b3c05987b04d8a9ec4eb89c17e331144db54562cbd0835863db91
provider-drift,04_immutable_repository_id_workflow_ref_safe.json,immutable_repository_id_workflow_ref_safe,True,True,docs.github.com,True,325e39e056a3a0e0959c09889fda3707fcb392181cadf284dafa22631b9e624c
