example,expected_safe,fedfence_safe,correct,findings,source,source_url,source_host,ms
docs_repo_suffix_wildcard,False,False,True,subject-overgrant,GitHub AWS OIDC documentation example,https://docs.github.com/actions/security-for-github-actions/security-hardening-your-deployments/configuring-openid-connect-in-amazon-web-services,docs.github.com,7.899
discussion_repo_suffix_wildcard,False,False,True,subject-overgrant,aws-actions configure-aws-credentials discussion 627,https://github.com/aws-actions/configure-aws-credentials/discussions/627,github.com,7.117
discussion_org_wildcard,False,False,True,subject-overgrant,aws-actions configure-aws-credentials issue 1137,https://github.com/aws-actions/configure-aws-credentials/issues/1137,github.com,7.071
explicit_pull_request_subject,False,False,True,subject-overgrant,public gist with pull_request subject,https://gist.github.com/npalm/8f796f57fcdc95b09699baf330294a93,gist.github.com,5.513
environment_exact_with_governance,True,True,True,,GitHub environment subject guidance,https://github.com/aws-actions/configure-aws-credentials,github.com,3.414
environment_exact_without_governance,False,False,True,unprotected-environment,GitHub environment troubleshooting issue,https://github.com/aws-actions/configure-aws-credentials/issues/672,github.com,3.429
condition_key_typo,False,False,True,unsupported-allow-claim-key;subject-overgrant,aws-actions configure-aws-credentials issue 721,https://github.com/aws-actions/configure-aws-credentials/issues/721,github.com,16.681
custom_audience_issuer_cut,True,True,True,,public custom audience troubleshooting,https://github.com/aws-actions/configure-aws-credentials/issues/318,github.com,3.334
stackoverflow_multi_repo_suffix_wildcard,False,False,True,subject-overgrant,StackOverflow multiple-repository OIDC pattern,https://stackoverflow.com/questions/78031234/aws-oidc-policy-for-multiple-repositories,stackoverflow.com,9.783
gist_deny_pull_request_not_enough,False,False,True,subject-overgrant,Public Terraform gist using repo wildcard plus pull-request deny,https://gist.github.com/npalm/8f796f57fcdc95b09699baf330294a93,gist.github.com,5.214
aws_exact_branch_safe,True,True,True,,AWS/GitHub guidance branch-scoped pattern,https://docs.aws.amazon.com/IAM/latest/UserGuide/access-analyzer-reference-policy-checks.html,docs.aws.amazon.com,3.063
blog_main_prefix_wildcard,False,False,True,subject-overgrant,Public blog branch-prefix wildcard example,https://040code.github.io/2022/12/02/oidc-part-1,040code.github.io,7.522
awsfundamentals_repo_suffix_wildcard,False,False,True,subject-overgrant,Public Pulumi trust-policy wildcard example,https://awsfundamentals.com/blog/github-actions-to-aws,awsfundamentals.com,8.54
oneuptime_environment_protected_safe,True,True,True,,Public environment-specific trust example with governance premise,https://oneuptime.com/blog/post/2026-01-25-github-actions-oidc-aws/view,oneuptime.com,3.562
oneuptime_environment_unprotected,False,False,True,unprotected-environment,Public environment-specific trust example without governance premise,https://oneuptime.com/blog/post/2026-01-25-github-actions-oidc-aws/view,oneuptime.com,3.396
stackoverflow_repo_suffix_wildcard,False,False,True,subject-overgrant,StackOverflow troubleshooting trust-policy wildcard,https://stackoverflow.com/questions/77969948/github-actions-with-aws-oidc-login-not-working,stackoverflow.com,8.166
github_oidc_ref_exact_branch_safe,True,True,True,,GitHub OIDC reference branch subject form,https://docs.github.com/actions/reference/openid-connect-reference,docs.github.com,3.176
github_oidc_ref_tag_subject_not_release_branch,False,False,True,subject-overgrant,GitHub OIDC reference tag subject form,https://docs.github.com/actions/reference/openid-connect-reference,docs.github.com,5.363
github_oidc_ref_pull_request_not_release_branch,False,False,True,subject-overgrant,GitHub OIDC reference pull_request subject form,https://docs.github.com/actions/reference/openid-connect-reference,docs.github.com,5.032
github_oidc_ref_environment_with_governance_safe,True,True,True,,GitHub OIDC reference environment subject form,https://docs.github.com/actions/reference/openid-connect-reference,docs.github.com,3.119
