group,file,case,expected_safe,replay_safe,matches_expected_label,certificate_verified,blocking_kinds,all_kinds,verifier_note
registered,01_safe_exact_branch.json,safe_exact_branch,True,True,True,True,,,independent effective-admission replay verifies
registered,02_repo_wildcard_all_events.json,repo_wildcard_all_events,False,False,True,True,subject-overgrant,subject-overgrant,independent effective-admission replay verifies
registered,03_org_wildcard_any_repo.json,org_wildcard_any_repo,False,False,True,True,subject-overgrant,subject-overgrant,independent effective-admission replay verifies
registered,04_pull_request_admitted.json,pull_request_admitted,False,False,True,True,subject-overgrant,subject-overgrant,independent effective-admission replay verifies
registered,05_unprotected_environment.json,unprotected_environment,False,False,True,True,unprotected-environment,unprotected-environment,independent effective-admission replay verifies
registered,06_safe_protected_environment.json,safe_protected_environment,True,True,True,True,,,independent effective-admission replay verifies
registered,07_missing_subject.json,missing_subject,False,False,True,True,subject-overgrant,subject-overgrant,independent effective-admission replay verifies
registered,08_audience_wildcard.json,audience_wildcard,False,False,True,True,audience-overgrant,audience-overgrant,independent effective-admission replay verifies
registered,09_multi_statement_broad.json,multi_statement_broad,False,False,True,True,subject-overgrant,subject-overgrant,independent effective-admission replay verifies
registered,10_tag_wildcard_overgrant.json,tag_wildcard_overgrant,False,False,True,True,subject-overgrant,subject-overgrant,independent effective-admission replay verifies
registered,11_safe_conjunctive_refinement.json,safe_conjunctive_refinement,True,True,True,True,,,independent effective-admission replay verifies
registered,12_conjunctive_ref_broad.json,conjunctive_ref_broad,False,False,True,True,subject-overgrant,subject-overgrant,independent effective-admission replay verifies
registered,13_safe_dynamic_alphabet.json,safe_dynamic_alphabet,True,True,True,True,,,independent effective-admission replay verifies
registered,14_non_github_oidc_principal.json,non_github_oidc_principal,False,False,True,True,non-github-allow-oidc-principal,non-github-allow-oidc-principal,independent effective-admission replay verifies
registered,15_wildcard_federated_principal.json,wildcard_federated_principal,False,False,True,True,wildcard-allow-federated-principal,wildcard-allow-federated-principal,independent effective-admission replay verifies
registered,16_mixed_principal_outside_core.json,mixed_principal_outside_core,False,False,True,True,mixed-allow-principal,mixed-allow-principal,independent effective-admission replay verifies
registered,17_safe_effective_deny_narrows_finite_overgrant.json,safe_effective_deny_narrows_finite_overgrant,True,True,True,True,,,independent effective-admission replay verifies
registered,18_unqualified_claim_keys_ineffective.json,unqualified_claim_keys_ineffective,False,False,True,True,subject-overgrant;audience-overgrant,unsupported-allow-claim-key;subject-overgrant;audience-overgrant,independent effective-admission replay verifies
registered,19_substring_principal_rejected.json,substring_principal_rejected,False,False,True,True,non-github-allow-oidc-principal,non-github-allow-oidc-principal,independent effective-admission replay verifies
registered,20_cross_repository_environment_governance.json,cross_repository_environment_governance,False,False,True,True,unprotected-environment,unprotected-environment,independent effective-admission replay verifies
registered,21_audience_issuer_intersection_safe.json,audience_issuer_intersection_safe,True,True,True,True,,,independent effective-admission replay verifies
registered,22_literal_star_audience_unsafe.json,literal_star_audience_unsafe,False,False,True,True,audience-overgrant,audience-overgrant,independent effective-admission replay verifies
registered,23_literal_question_audience_unsafe.json,literal_question_audience_unsafe,False,False,True,True,audience-overgrant,audience-overgrant,independent effective-admission replay verifies
registered,24_unsupported_allow_condition_erased_safe.json,unsupported_allow_condition_erased_safe,True,True,True,True,,unsupported-allow-claim-key,independent effective-admission replay verifies
registered,25_branch_slash_safe.json,branch_slash_safe,True,True,True,True,,,independent effective-admission replay verifies
registered,26_encoded_colon_environment_safe.json,encoded_colon_environment_safe,True,True,True,True,,,independent effective-admission replay verifies
registered,27_unsupported_deny_cannot_discharge_unsafe.json,unsupported_deny_cannot_discharge_unsafe,False,False,True,True,subject-overgrant,unsupported-deny-boundary;subject-overgrant,independent effective-admission replay verifies
registered,28_safe_deny_removes_bad_audience.json,safe_deny_removes_bad_audience,True,True,True,True,,,independent effective-admission replay verifies
registered,29_foreign_provider_claim_key_ignored.json,foreign_provider_claim_key_ignored,False,False,True,True,subject-overgrant,unsupported-allow-claim-key;subject-overgrant,independent effective-admission replay verifies
registered,30_safe_equals_literal_question_subject.json,safe_equals_literal_question_subject,True,True,True,True,,,independent effective-admission replay verifies
registered,31_like_question_does_not_match_literal_intent.json,like_question_does_not_match_literal_intent,False,False,True,True,subject-overgrant,subject-overgrant,independent effective-admission replay verifies
registered,32_foranyvalue_operator_outside_core.json,foranyvalue_operator_outside_core,False,False,True,True,subject-overgrant;audience-overgrant,unsupported-allow-condition;subject-overgrant;audience-overgrant,independent effective-admission replay verifies
registered,33_selected_claim_default_environment_not_branch_definable.json,33_selected_claim_default_environment_not_branch_definable,False,False,True,True,event-overgrant,event-overgrant,independent effective-admission replay verifies
registered,34_selected_claim_ref_environment_repository_id_safe.json,34_selected_claim_ref_environment_repository_id_safe,True,True,True,True,,,independent effective-admission replay verifies
registered,35_selected_claim_workflow_ref_safe.json,35_selected_claim_workflow_ref_safe,True,True,True,True,,,independent effective-admission replay verifies
registered,36_selected_claim_custom_property_without_ref_unsafe.json,36_selected_claim_custom_property_without_ref_unsafe,False,False,True,True,event-overgrant;event-overgrant,event-overgrant;event-overgrant,independent effective-admission replay verifies
registered,37_action_wildcard_outside_core.json,action_wildcard_outside_core,False,False,True,True,unsupported-allow-statement-field,unsupported-allow-statement-field,independent effective-admission replay verifies
registered-public,01_docs_repo_suffix_wildcard.json,docs_repo_suffix_wildcard,False,False,True,True,subject-overgrant,subject-overgrant,independent effective-admission replay verifies
registered-public,02_discussion_repo_suffix_wildcard.json,discussion_repo_suffix_wildcard,False,False,True,True,subject-overgrant,subject-overgrant,independent effective-admission replay verifies
registered-public,03_discussion_org_wildcard.json,discussion_org_wildcard,False,False,True,True,subject-overgrant,subject-overgrant,independent effective-admission replay verifies
registered-public,04_explicit_pull_request_subject.json,explicit_pull_request_subject,False,False,True,True,subject-overgrant,subject-overgrant,independent effective-admission replay verifies
registered-public,05_environment_exact_with_governance.json,environment_exact_with_governance,True,True,True,True,,,independent effective-admission replay verifies
registered-public,06_environment_exact_without_governance.json,environment_exact_without_governance,False,False,True,True,unprotected-environment,unprotected-environment,independent effective-admission replay verifies
registered-public,07_condition_key_typo.json,condition_key_typo,False,False,True,True,subject-overgrant,unsupported-allow-claim-key;subject-overgrant,independent effective-admission replay verifies
registered-public,08_custom_audience_issuer_cut.json,custom_audience_issuer_cut,True,True,True,True,,,independent effective-admission replay verifies
registered-public,09_stackoverflow_multi_repo_suffix_wildcard.json,stackoverflow_multi_repo_suffix_wildcard,False,False,True,True,subject-overgrant,subject-overgrant,independent effective-admission replay verifies
registered-public,10_gist_deny_pull_request_not_enough.json,gist_deny_pull_request_not_enough,False,False,True,True,subject-overgrant,unsupported-deny-boundary;subject-overgrant,independent effective-admission replay verifies
registered-public,11_aws_exact_branch_safe.json,aws_exact_branch_safe,True,True,True,True,,,independent effective-admission replay verifies
registered-public,12_blog_main_prefix_wildcard.json,blog_main_prefix_wildcard,False,False,True,True,subject-overgrant,subject-overgrant,independent effective-admission replay verifies
registered-public,13_awsfundamentals_repo_suffix_wildcard.json,awsfundamentals_repo_suffix_wildcard,False,False,True,True,subject-overgrant,subject-overgrant,independent effective-admission replay verifies
registered-public,14_oneuptime_environment_protected_safe.json,oneuptime_environment_protected_safe,True,True,True,True,,,independent effective-admission replay verifies
registered-public,15_oneuptime_environment_unprotected.json,oneuptime_environment_unprotected,False,False,True,True,unprotected-environment,unprotected-environment,independent effective-admission replay verifies
registered-public,16_stackoverflow_repo_suffix_wildcard.json,stackoverflow_repo_suffix_wildcard,False,False,True,True,subject-overgrant,subject-overgrant,independent effective-admission replay verifies
registered-public,17_github_oidc_ref_exact_branch_safe.json,github_oidc_ref_exact_branch_safe,True,True,True,True,,,independent effective-admission replay verifies
registered-public,18_github_oidc_ref_tag_subject_not_release_branch.json,github_oidc_ref_tag_subject_not_release_branch,False,False,True,True,subject-overgrant,subject-overgrant,independent effective-admission replay verifies
registered-public,19_github_oidc_ref_pull_request_not_release_branch.json,github_oidc_ref_pull_request_not_release_branch,False,False,True,True,subject-overgrant,subject-overgrant,independent effective-admission replay verifies
registered-public,20_github_oidc_ref_environment_with_governance_safe.json,github_oidc_ref_environment_with_governance_safe,True,True,True,True,,,independent effective-admission replay verifies
optional-hardening,38_action_sts_star_outside_core.json,action_sts_star_outside_core,False,False,True,True,unsupported-allow-statement-field,unsupported-allow-statement-field,independent effective-admission replay verifies
optional-hardening,39_empty_condition_value_boundary.json,empty_condition_value_boundary,False,False,True,True,subject-overgrant,unsupported-allow-condition;subject-overgrant,independent effective-admission replay verifies
optional-hardening,40_malformed_condition_value_boundary.json,malformed_condition_value_boundary,False,False,True,True,audience-overgrant,unsupported-allow-condition;audience-overgrant,independent effective-admission replay verifies
optional-public-issue,01_configure_aws_credentials_readme_exact_branch_safe.json,configure_aws_credentials_readme_exact_branch_safe,True,True,True,True,,,independent effective-admission replay verifies
optional-public-issue,02_github_docs_repo_suffix_wildcard.json,github_docs_repo_suffix_wildcard,False,False,True,True,subject-overgrant,subject-overgrant,independent effective-admission replay verifies
optional-public-issue,03_terraform_module_main_prefix_wildcard_issue.json,terraform_module_main_prefix_wildcard_issue,False,False,True,True,subject-overgrant,subject-overgrant,independent effective-admission replay verifies
optional-public-issue,04_marketplace_org_repo_wildcard.json,marketplace_org_repo_wildcard,False,False,True,True,subject-overgrant,subject-overgrant,independent effective-admission replay verifies
optional-public-issue,05_configure_credentials_pull_request_review_wildcard_issue.json,configure_credentials_pull_request_review_wildcard_issue,False,False,True,True,subject-overgrant,subject-overgrant,independent effective-admission replay verifies
optional-public-issue,06_environment_exact_without_governance_public_issue.json,environment_exact_without_governance_public_issue,False,False,True,True,unprotected-environment,unprotected-environment,independent effective-admission replay verifies
optional-public-issue,07_github_docs_environment_with_governance_safe.json,github_docs_environment_with_governance_safe,True,True,True,True,,,independent effective-admission replay verifies
optional-public-issue,08_exact_branch_from_user_issue_safe.json,exact_branch_from_user_issue_safe,True,True,True,True,,,independent effective-admission replay verifies
provider-drift,01_immutable_subject_exact_branch_safe.json,immutable_subject_exact_branch_safe,True,True,True,True,,,independent effective-admission replay verifies
provider-drift,02_immutable_subject_wildcard_unsafe.json,immutable_subject_wildcard_unsafe,False,False,True,True,subject-overgrant,subject-overgrant,independent effective-admission replay verifies
provider-drift,03_immutable_environment_governed_safe.json,immutable_environment_governed_safe,True,True,True,True,,,independent effective-admission replay verifies
provider-drift,04_immutable_repository_id_workflow_ref_safe.json,immutable_repository_id_workflow_ref_safe,True,True,True,True,,,independent effective-admission replay verifies
