case,verified,note
01_safe_exact_branch.json,True,safe-no-witness
02_repo_wildcard_all_events.json,True,verified-pair-witness:subject-overgrant
03_org_wildcard_any_repo.json,True,verified-pair-witness:subject-overgrant
04_pull_request_admitted.json,True,verified-pair-witness:subject-overgrant
05_unprotected_environment.json,True,semantic-finding:unprotected-environment
06_safe_protected_environment.json,True,safe-no-witness
07_missing_subject.json,True,semantic-finding:missing-sub
08_audience_wildcard.json,True,verified-pair-witness:audience-overgrant
09_multi_statement_broad.json,True,verified-pair-witness:subject-overgrant
10_tag_wildcard_overgrant.json,True,verified-pair-witness:subject-overgrant
11_safe_conjunctive_refinement.json,True,safe-no-witness
12_conjunctive_ref_broad.json,True,verified-pair-witness:subject-overgrant
13_safe_dynamic_alphabet.json,True,safe-no-witness
14_non_github_oidc_principal.json,True,boundary-or-outside-core-finding
15_wildcard_federated_principal.json,True,boundary-or-outside-core-finding
16_mixed_principal_outside_core.json,True,boundary-or-outside-core-finding
17_safe_effective_deny_narrows_finite_overgrant.json,True,safe-no-witness
18_unqualified_claim_keys_ineffective.json,True,semantic-finding:missing-sub
19_substring_principal_rejected.json,True,boundary-or-outside-core-finding
20_cross_repository_environment_governance.json,True,semantic-finding:unprotected-environment
21_audience_issuer_intersection_safe.json,True,safe-no-witness
22_literal_star_audience_unsafe.json,True,verified-pair-witness:audience-overgrant
23_literal_question_audience_unsafe.json,True,verified-pair-witness:audience-overgrant
24_unsupported_allow_condition_erased_safe.json,True,safe-no-witness
25_branch_slash_safe.json,True,safe-no-witness
26_encoded_colon_environment_safe.json,True,safe-no-witness
27_unsupported_deny_cannot_discharge_unsafe.json,True,verified-pair-witness:subject-overgrant
28_safe_deny_removes_bad_audience.json,True,safe-no-witness
29_foreign_provider_claim_key_ignored.json,True,semantic-finding:missing-sub
30_safe_equals_literal_question_subject.json,True,safe-no-witness
31_like_question_does_not_match_literal_intent.json,True,verified-pair-witness:subject-overgrant
32_foranyvalue_operator_outside_core.json,True,semantic-finding:missing-sub
33_selected_claim_default_environment_not_branch_definable.json,True,verified-event-witness:dev-prod
34_selected_claim_ref_environment_repository_id_safe.json,True,event-safe-no-witness
35_selected_claim_workflow_ref_safe.json,True,event-safe-no-witness
36_selected_claim_custom_property_without_ref_unsafe.json,True,verified-event-witness:dev-prod
37_action_wildcard_outside_core.json,True,boundary-or-outside-core-finding
