allow_mask,deny_mask,statements,verdict,expected,replay_ok,seconds
1,0,1,pass,pass,True,0.09312934199999745
1,1,2,fail,fail,True,0.1281127049999995
1,2,2,pass,pass,True,0.09293267500000013
1,3,3,fail,fail,True,0.09327912500000224
1,4,2,pass,pass,True,0.09339174700000541
1,5,3,fail,fail,True,0.0908767680000011
1,6,3,pass,pass,True,0.09221964999999699
1,7,4,fail,fail,True,0.09325478000000231
2,0,1,fail,fail,True,0.1018584559999951
2,1,2,fail,fail,True,0.09494844900000032
2,2,2,fail,fail,True,0.0960709780000002
2,3,3,fail,fail,True,0.09620612399999828
2,4,2,fail,fail,True,0.09509379600000045
2,5,3,fail,fail,True,0.09566534900000079
2,6,3,fail,fail,True,0.09567726199999527
2,7,4,fail,fail,True,0.09645759800000064
3,0,2,fail,fail,True,0.11256380800000443
3,1,3,fail,fail,True,0.11425557600000502
3,2,3,pass,pass,True,0.11463181599999928
3,3,4,fail,fail,True,0.1168631389999959
3,4,3,fail,fail,True,0.11340774699999656
3,5,4,fail,fail,True,0.11320552899999825
3,6,4,pass,pass,True,0.11477811900000034
3,7,5,fail,fail,True,0.1159964300000027
4,0,1,fail,fail,True,0.09435197599999867
4,1,2,fail,fail,True,0.09394735600000104
4,2,2,fail,fail,True,0.09542126099999848
4,3,3,fail,fail,True,0.09670346600000101
4,4,2,fail,fail,True,0.09400025499999742
4,5,3,fail,fail,True,0.09548355100000094
4,6,3,fail,fail,True,0.09596296899999857
4,7,4,fail,fail,True,0.09610019000000136
5,0,2,fail,fail,True,0.11009820700000006
5,1,3,fail,fail,True,0.11160320800000534
5,2,3,fail,fail,True,0.11369868099999536
5,3,4,fail,fail,True,0.11533542300000477
5,4,3,pass,pass,True,0.11266978900000169
5,5,4,fail,fail,True,0.11285927200000145
5,6,4,pass,pass,True,0.115972407000001
5,7,5,fail,fail,True,0.11648737000000153
6,0,2,fail,fail,True,0.11491809399999653
6,1,3,fail,fail,True,0.11826528499999966
6,2,3,fail,fail,True,0.11807552700000201
6,3,4,fail,fail,True,0.11856020699999448
6,4,3,fail,fail,True,0.11626733699999647
6,5,4,fail,fail,True,0.12059389899999928
6,6,4,fail,fail,True,0.1329779399999964
6,7,5,fail,fail,True,0.12111856899999651
7,0,3,fail,fail,True,0.1337508279999966
7,1,4,fail,fail,True,0.1360218930000059
7,2,4,fail,fail,True,0.1362391309999964
7,3,5,fail,fail,True,0.1377290060000007
7,4,4,fail,fail,True,0.13687917800000093
7,5,5,fail,fail,True,0.13692343299999976
7,6,5,pass,pass,True,0.13669530800000018
7,7,6,fail,fail,True,0.1386323580000024
